timestamp,relative_time_s,speed,speed_kmh,acceleration,gradient,jerk,sync_error_us,turning_rate,energy_J,energy_factor,driver_cluster
1747221671.0,0.0,0.7937877777777778,2.857636,0.0,0.0,0.0,193.0,0.058594,124.76816237750951,124.76816237750951,2
1747221672.0,1e-06,1.122517777777778,4.041064,8.0,-0.16853495189225456,0.0,192.0,0.058594,116.14333573797721,11614.333573797721,0
1747221673.0,2e-06,2.039772222222222,7.34318,8.0,-0.10291555780500151,0.0,191.0,0.058594,231.5287866040229,23152.87866040229,0
1747221674.0,3e-06,2.899408888888889,10.437872,8.0,0.0,0.0,190.0,0.058594,375.7606445916626,37576.06445916626,0
1747221675.0,4e-06,3.2564333333333333,11.72316,8.0,0.16062825897041685,0.0,189.0,0.058594,503.05383625226625,50305.38362522663,0
1747221676.0,5e-06,3.903604444444444,14.052976,8.0,0.0258967045983415,0.0,188.0,0.058594,521.8566593905039,52185.665939050385,0
1747221677.0,6e-06,4.713339722222222,16.968023,8.0,0.04716448742066003,0.0,187.0,0.058594,645.9179946319687,64591.79946319686,0
1747221678.0,7e-06,5.571433055555555,20.057159,8.0,0.01874501093333265,0.0,186.0,0.058594,738.8822045464292,73888.22045464291,0
1747221679.0,8e-06,6.567397777777777,23.642632,8.0,-0.014308529720949568,0.0,185.0,0.058594,837.1784462175856,83717.84462175856,0
1747221680.0,9e-06,7.298937499999999,26.276175,8.0,0.02546954305701925,0.0,184.0,0.058594,976.2485233450651,97624.8523345065,0
1747221681.0,1e-05,7.2896777777777775,26.24284,8.0,0.01661186852165818,0.0,183.0,0.058594,964.880678807371,96488.0678807371,0
1747221682.0,1.1e-05,6.682118888888889,24.055628,-8.0,0.03963983495884412,0.0,182.0,0.058594,0.0,0.0,2
1747221683.0,1.2e-05,5.760234166666667,20.736843,-8.0,0.04705002071251405,0.0,181.0,0.058594,0.0,0.0,2
1747221684.0,1.3e-05,5.896048055555555,21.225773,-8.0,0.018216364234956182,0.0,180.0,0.058594,0.0,0.0,2
1747221685.0,1.4e-05,5.718050000000001,20.58498,-8.0,0.015477926229390246,0.0,179.0,0.058594,0.0,0.0,2
1747221686.0,1.5e-05,5.362568888888888,19.305248,-8.0,-0.02083610702116183,0.0,178.0,0.058594,0.0,0.0,2
1747221687.0,1.6e-05,4.767356944444445,17.162485,-8.0,-0.022383567535339474,0.0,177.0,0.058594,0.0,0.0,2
1747221688.0,1.7e-05,3.480731111111111,12.530632,-8.0,0.07371544664723208,0.0,176.0,0.058594,0.0,0.0,2
1747221689.0,1.8e-05,2.406571111111111,8.663656,-8.0,-0.034413238182856416,0.0,175.0,0.058594,0.0,0.0,2
1747221690.0,1.9e-05,1.0453511111111111,3.763264,-8.0,0.07195494522373723,0.0,174.0,0.058594,0.0,0.0,2
1747221691.0,2e-05,0.7582911111111111,2.729848,-8.0,0.05266337867824356,0.0,173.0,0.058594,0.0,0.0,2
1747221692.0,2.1e-05,1.312347777777778,4.724452,8.0,0.08753184294834411,0.0,172.0,0.058594,188.0021144782535,18800.21144782535,0
1747221693.0,2.2e-05,2.2018222222222223,7.92656,8.0,-0.20557361286180778,0.0,171.0,0.058594,215.66525105936256,21566.525105936256,0
1747221694.0,2.3e-05,3.1057011111111112,11.180524,8.0,-0.034665150105182736,0.0,170.0,0.058594,385.61836797404834,38561.83679740483,0
1747221695.0,2.4e-05,4.164942222222222,14.993792,8.0,-0.025892914255503368,0.0,169.0,0.058594,522.9795428431831,52297.954284318315,0
1747221696.0,2.5e-05,5.078595555555555,18.282944,8.0,-0.021645911617806903,0.0,168.0,0.058594,641.23794140886,64123.794140886,0
1747221697.0,2.6e-05,5.915082222222222,21.294296,8.0,0.0,0.0,167.0,0.058594,767.1399150852959,76713.9915085296,0
1747221698.0,2.7e-05,6.589004166666666,23.720415,8.0,0.0,0.0,166.0,0.058594,854.7368505884789,85473.68505884788,0
1747221699.0,2.8e-05,6.473254722222221,23.303717,8.0,0.01496772831505459,0.0,165.0,0.058594,854.8923461504473,85489.23461504473,0
1747221700.0,2.9e-05,6.387342222222222,22.994432,-8.0,-0.046765545317376984,0.0,164.0,0.058594,0.0,0.0,2
1747221701.0,3e-05,5.832771111111112,20.997976,-8.0,-0.08406043907223344,0.0,163.0,0.058594,0.0,0.0,2
1747221702.0,3.1e-05,5.061618888888888,18.221828,-8.0,-0.21282751548931575,0.0,162.0,0.058594,0.0,0.0,2
1747221703.0,3.2e-05,4.691733333333333,16.89024,-8.0,-0.10961504271437995,0.0,161.0,0.058594,0.0,0.0,2
1747221704.0,3.3e-05,3.199844444444444,11.51944,-8.0,-0.29222730087756005,0.0,160.0,0.058594,0.0,0.0,2
1747221705.0,3.4e-05,2.1838166666666665,7.86174,-8.0,0.08151968678128176,0.0,159.0,0.058594,0.0,0.0,2
1747221706.0,3.5e-05,2.5974299999999997,9.350748,-8.0,-0.0768410349717869,0.0,158.0,0.058594,0.0,0.0,2
1747221707.0,3.6e-05,3.034193333333333,10.923096,8.0,0.12857381234257165,0.0,157.0,0.058594,453.9311523989288,45393.11523989288,0
1747221708.0,3.7e-05,2.7764566666666664,9.995244,-8.0,-0.036079578166301925,0.0,156.0,0.058594,0.0,0.0,2
1747221709.0,3.8e-05,2.2224,8.00064,-8.0,-0.24534589988977645,0.0,155.0,0.058594,0.0,0.0,2
1747221710.0,3.9e-05,0.7582911111111111,2.729848,-8.0,1.2865781711753665,0.0,154.0,0.058594,0.0,0.0,2
1747221711.0,4e-05,1.4502188888888887,5.220788,8.0,1.0729730211639716,0.0,153.0,0.058594,187.91496704127357,18791.496704127356,0
1747221712.0,4.1e-05,2.618008055555556,9.424829,8.0,0.1384081885638522,0.0,152.0,0.058594,395.5762957275744,39557.62957275744,0
1747221713.0,4.2e-05,3.1931563888888888,11.495363,8.0,0.06121534953202847,0.0,151.0,0.058594,444.46437478145003,44446.437478145,0
1747221714.0,4.3e-05,3.558412222222222,12.810284,8.0,0.1292575683868561,0.0,150.0,0.058594,532.7722088651102,53277.22088651102,0
1747221715.0,4.4e-05,5.626479166666666,20.255325,8.0,-0.058030776313368365,0.0,149.0,0.058594,678.4670915167393,67846.70915167393,0
1747221716.0,4.5e-05,7.188331944444444,25.877995,8.0,-0.030799949657729687,0.0,148.0,0.058594,897.9507602184557,89795.07602184557,0
1747221717.0,4.6e-05,8.140569166666667,29.306049,8.0,-0.012342800604509459,0.0,147.0,0.058594,1040.8896026787543,104088.96026787543,0
1747221718.0,4.7e-05,8.667875,31.20435,8.0,0.05613622732464062,0.0,146.0,0.058594,1201.6071388551609,120160.71388551609,0
1747221719.0,4.8e-05,8.635464166666667,31.087671,8.0,0.012582391554077659,0.0,145.0,0.058594,1138.2017756438674,113820.17756438674,0
1747221720.0,4.9e-05,8.355606944444444,30.080185,-8.0,0.01073444988404638,0.0,144.0,0.058594,0.0,0.0,2
1747221721.0,5e-05,6.944485277777777,25.000147,-8.0,0.012580161683203264,0.0,143.0,0.058594,0.0,0.0,2
1747221722.0,5.1e-05,5.543653055555556,19.957151,-8.0,0.11894645598923075,0.0,142.0,0.058594,0.0,0.0,2
1747221723.0,5.2e-05,5.310095277777778,19.116343,-8.0,-0.059341079563246045,0.0,141.0,0.058594,0.0,0.0,2
1747221724.0,5.3e-05,5.669692222222222,20.410892,8.0,0.037084947320875354,0.0,140.0,0.058594,768.2319453331983,76823.19453331982,0
1747221725.0,5.4e-05,6.771117777777778,24.376024,8.0,0.0,0.0,139.0,0.058594,878.4186571479254,87841.86571479254,0
1747221726.0,5.5e-05,8.18686861111111,29.472727,8.0,-0.039331454080685585,0.0,138.0,0.058594,1012.1795161447427,101217.95161447427,0
1747221727.0,5.6e-05,9.246624722222222,33.287849,8.0,-0.01016280028935938,0.0,137.0,0.058594,1186.1015181379996,118610.15181379997,0
1747221728.0,5.7e-05,9.642232222222221,34.712036,8.0,-0.03298031520673051,0.0,136.0,0.058594,1202.5859469394334,120258.59469394333,0
1747221729.0,5.8e-05,9.565066111111111,34.434238,-8.0,-0.021684954407708207,0.0,135.0,0.058594,0.0,0.0,2
1747221730.0,5.9e-05,8.754301111111111,31.515484,-8.0,-0.010625178619747565,0.0,134.0,0.058594,0.0,0.0,2
1747221731.0,6e-05,7.361185833333333,26.500269,-8.0,-0.0869641918737959,0.0,133.0,0.058594,0.0,0.0,2
1747221732.0,6.1e-05,5.798817777777778,20.875744,-8.0,-0.04292600994031498,0.0,132.0,0.058594,0.0,0.0,2
1747221733.0,6.2e-05,4.012666944444445,14.445601,-8.0,0.08380437691740043,0.0,131.0,0.058594,0.0,0.0,2
1747221734.0,6.3e-05,2.224972222222222,8.0099,-8.0,0.14121811898536168,0.0,130.0,0.058594,0.0,0.0,2
1747221735.0,6.4e-05,0.7341122222222222,2.642804,-8.0,0.08779735623763005,0.0,129.0,0.058594,0.0,0.0,2
1747221736.0,6.5e-05,0.15176111111111112,0.54634,-8.0,0.49061398039313153,0.0,128.0,0.058594,0.0,0.0,2
1747221737.0,6.6e-05,0.1389,0.50004,-8.0,0.0,0.0,127.0,0.058594,0.0,0.0,2
1747221738.0,6.7e-05,0.058646666666666666,0.211128,-8.0,0.0,0.0,126.0,0.058594,0.0,0.0,2
1747221739.0,6.8e-05,0.07305111111111111,0.262984,-8.0,0.0,0.0,125.0,0.058594,0.0,0.0,2
1747221740.0,6.9e-05,0.07613777777777778,0.274096,8.0,0.0,0.0,124.0,0.058594,12.9569635035,1295.69635035,0
1747221741.0,7e-05,0.11112,0.400032,8.0,0.0,0.0,123.0,0.058594,14.397778759051999,1439.7778759051998,0
1747221742.0,7.1e-05,0.1389,0.50004,8.0,0.0,0.0,122.0,0.058594,17.99722682877344,1799.7226828773437,0
1747221743.0,7.2e-05,0.0926,0.33336,-8.0,0.0,0.0,121.0,0.058594,0.0,0.0,2
1747221744.0,7.3e-05,0.03498222222222222,0.125936,-8.0,0.0,0.0,120.0,0.058594,0.0,0.0,2
1747221745.0,7.4e-05,0.09723,0.350028,8.0,0.0,0.0,119.0,0.058594,12.9569635035,1295.69635035,0
1747221746.0,7.5e-05,0.1054611111111111,0.37966,8.0,0.0,0.0,118.0,0.058594,13.664558091629159,1366.4558091629158,0
1747221747.0,7.6e-05,0.040126666666666665,0.144456,-8.0,0.12265809463884708,0.0,117.0,0.058594,0.0,0.0,2
1747221748.0,7.7e-05,0.04475666666666666,0.161124,-8.0,0.0,0.0,116.0,0.058594,0.0,0.0,2
1747221749.0,7.8e-05,0.020577777777777775,0.07408,8.0,0.0,0.0,115.0,0.058594,12.9569635035,1295.69635035,0
1747221750.0,7.9e-05,0.07459444444444445,0.26854,8.0,0.0,0.0,114.0,0.058594,12.9569635035,1295.69635035,0
1747221751.0,8e-05,0.08796999999999999,0.316692,8.0,0.0,0.0,113.0,0.058594,12.9569635035,1295.69635035,0
1747221752.0,8.1e-05,0.05453111111111111,0.196312,8.0,0.0,0.0,112.0,0.058594,12.9569635035,1295.69635035,0
1747221753.0,8.2e-05,0.1306688888888889,0.470408,8.0,0.0,0.0,111.0,0.058594,16.930723482392686,1693.0723482392684,0
1747221754.0,8.3e-05,0.12346666666666666,0.44448,8.0,0.0,0.0,110.0,0.058594,15.997533207368996,1599.7533207368995,0
1747221755.0,8.4e-05,0.12243777777777777,0.440776,-8.0,0.0,0.0,109.0,0.058594,0.0,0.0,2
1747221756.0,8.5e-05,0.06584888888888889,0.237056,-8.0,0.0,0.0,108.0,0.058594,0.0,0.0,2
1747221757.0,8.6e-05,0.0823111111111111,0.29632,-8.0,0.0,0.0,107.0,0.058594,0.0,0.0,2
1747221758.0,8.7e-05,0.04167,0.150012,-8.0,0.0,0.0,106.0,0.058594,0.0,0.0,2
1747221759.0,8.8e-05,0.045271111111111116,0.162976,-8.0,0.0,0.0,105.0,0.058594,0.0,0.0,2
1747221760.0,8.9e-05,0.0056588888888888895,0.020372,-8.0,0.0,0.0,104.0,0.058594,0.0,0.0,2
1747221761.0,9e-05,0.02109222222222222,0.075932,-8.0,0.0,0.0,103.0,0.058594,0.0,0.0,2
1747221762.0,9.1e-05,0.028808888888888887,0.103712,-8.0,0.0,0.0,102.0,0.058594,0.0,0.0,2
1747221763.0,9.2e-05,0.0041155555555555555,0.014816,8.0,0.0,0.0,101.0,0.058594,12.9569635035,1295.69635035,0
1747221764.0,9.3e-05,0.04938666666666667,0.177792,8.0,0.12679164907254517,0.0,100.0,0.058594,14.930032189956428,1493.0032189956428,0
1747221765.0,9.4e-05,0.05967555555555555,0.214832,8.0,0.0,0.0,99.0,0.058594,12.9569635035,1295.69635035,0
1747221766.0,9.5e-05,0.05195888888888889,0.187052,8.0,0.0,0.0,98.0,0.058594,12.9569635035,1295.69635035,0
1747221767.0,9.6e-05,0.07716666666666666,0.2778,8.0,0.0,0.0,97.0,0.058594,12.9569635035,1295.69635035,0
1747221768.0,9.7e-05,0.07562333333333333,0.272244,8.0,0.0,0.0,96.0,0.058594,12.9569635035,1295.69635035,0
1747221769.0,9.8e-05,0.05247333333333333,0.188904,8.0,0.11223524407138248,0.0,95.0,0.058594,14.706636784333245,1470.6636784333245,0
1747221770.0,9.9e-05,0.08694111111111111,0.312988,-8.0,0.0,0.0,94.0,0.058594,0.0,0.0,2
1747221771.0,0.0001,0.04475666666666666,0.161124,-8.0,0.0,0.0,93.0,0.058594,0.0,0.0,2
1747221772.0,0.000101,0.03549666666666667,0.127788,8.0,0.0,0.0,92.0,0.058594,12.9569635035,1295.69635035,0
1747221773.0,0.000102,0.1275822222222222,0.459296,8.0,0.0,0.0,91.0,0.058594,16.530784776108014,1653.0784776108014,0
1747221774.0,0.000103,0.980531111111111,3.529912,8.0,0.0,0.0,90.0,0.058594,127.05032668448673,12705.032668448674,0
1747221775.0,0.000104,2.2157122222222223,7.976564,8.0,-0.09161486316662637,0.0,89.0,0.058594,255.38377760269927,25538.377760269927,0
1747221776.0,0.000105,3.3536633333333334,12.073188,8.0,-0.10800981439971803,0.0,88.0,0.058594,378.10789923493365,37810.789923493365,0
1747221777.0,0.000106,4.321847777777778,15.558652,8.0,-0.07926373923388269,0.0,87.0,0.058594,506.64068488330383,50664.068488330384,0
1747221778.0,0.000107,4.9021413888888885,17.647709,8.0,-0.3135795080409362,0.0,86.0,0.058594,405.00202981957403,40500.2029819574,0
1747221779.0,0.000108,5.491694444444444,19.7701,8.0,-0.190421582764677,0.0,85.0,0.058594,550.7431655399033,55074.316553990335,0
1747221780.0,0.000109,6.023115555555556,21.683216,8.0,-0.20712885909017645,0.0,84.0,0.058594,589.2345388092916,58923.453880929155,0
1747221781.0,0.00011,6.121888611111111,22.038799,8.0,-0.0648470629231533,0.0,83.0,0.058594,731.8139390120878,73181.39390120878,0
1747221782.0,0.000111,6.098738888888889,21.95546,8.0,-0.09133626242801289,0.0,82.0,0.058594,703.8962675699005,70389.62675699005,0
1747221783.0,0.000112,6.38014,22.968504,8.0,-0.08463341874785962,0.0,81.0,0.058594,743.0941589068594,74309.41589068594,0
1747221784.0,0.000113,7.0839002777777775,25.502041,8.0,-0.02751828467100854,0.0,80.0,0.058594,888.5136489566937,88851.36489566937,0
1747221785.0,0.000114,7.728498888888889,27.822596,8.0,-0.05462676688549052,0.0,79.0,0.058594,936.8105609078991,93681.0560907899,0
1747221786.0,0.000115,8.07780638888889,29.080103,8.0,-0.024538561619768362,0.0,78.0,0.058594,1017.37807276094,101737.807276094,0
1747221787.0,0.000116,8.111759722222223,29.202335,8.0,-0.06122528123644906,0.0,77.0,0.058594,975.0760233847666,97507.60233847666,0
1747221788.0,0.000117,8.130280277777779,29.269009,8.0,-0.012245975980300673,0.0,76.0,0.058594,1039.692798621477,103969.2798621477,0
1747221789.0,0.000118,8.172464444444444,29.420872,8.0,-0.048980529443627505,0.0,75.0,0.058594,998.0453692923434,99804.53692923434,0
1747221790.0,0.000119,8.31959611111111,29.950546,8.0,-0.050058788229602476,0.0,74.0,0.058594,1014.6806790364684,101468.06790364684,0
1747221791.0,0.00012,8.893201666666666,32.015526,8.0,-0.04470989878029652,0.0,73.0,0.058594,1092.3916230463542,109239.1623046354,0
1747221792.0,0.000121,9.498187222222223,34.193474,8.0,-0.05496294240326616,0.0,72.0,0.058594,1151.838730351032,115183.8730351032,0
1747221793.0,0.000122,9.954500277777779,35.836201,8.0,-0.0571984281101327,0.0,71.0,0.058594,1204.0066916172846,120400.66916172845,0
1747221794.0,0.000123,10.099059166666667,36.356613,8.0,-0.05252270603701079,0.0,70.0,0.058594,1228.9762086025992,122897.62086025992,0
1747221795.0,0.000124,10.005944444444443,36.0214,-8.0,-0.038831262628069504,0.0,69.0,0.058594,0.0,0.0,2
1747221796.0,0.000125,9.942667222222221,35.793602,-8.0,-0.03739802789864614,0.0,68.0,0.058594,0.0,0.0,2
1747221797.0,0.000126,8.995061388888889,32.382221,-8.0,-0.011200117237920283,0.0,67.0,0.058594,0.0,0.0,2
1747221798.0,0.000127,8.198186666666667,29.513472,-8.0,-0.0346013820377846,0.0,66.0,0.058594,0.0,0.0,2
1747221799.0,0.000128,7.011877777777777,25.24276,-8.0,-0.027707323106843006,0.0,65.0,0.058594,0.0,0.0,2
1747221800.0,0.000129,5.883186666666667,21.179472,-8.0,0.0,0.0,64.0,0.058594,0.0,0.0,2
1747221801.0,0.00013,5.695928333333333,20.505342,-8.0,0.0,0.0,63.0,0.058594,0.0,0.0,2
1747221802.0,0.000131,6.8014697222222225,24.485291,8.0,0.016151397203626714,0.0,62.0,0.058594,899.6049619228627,89960.49619228627,0
1747221803.0,0.000132,7.9867494444444445,28.752298,8.0,0.0,0.0,61.0,0.058594,1036.6248242942665,103662.48242942664,0
1747221804.0,0.000133,8.253747222222222,29.71349,8.0,-0.03564880192263863,0.0,60.0,0.058594,1025.24245775248,102524.24577524801,0
1747221805.0,0.000134,8.26455,29.75238,8.0,0.0647325428784573,0.0,59.0,0.058594,1156.5809583891669,115658.09583891668,0
1747221806.0,0.000135,9.063482222222222,32.628536,8.0,-0.036050429846306506,0.0,58.0,0.058594,1125.698811961781,112569.8811961781,0
1747221807.0,0.000136,8.942073055555555,32.191463,8.0,-0.03321092238244321,0.0,57.0,0.058594,1114.530715627649,111453.07156276489,0
1747221808.0,0.000137,8.376184166666667,30.154263,8.0,-0.04343859591626861,0.0,56.0,0.058594,1030.2893306596065,103028.93306596065,0
1747221809.0,0.000138,10.304322777777777,37.095562,8.0,-0.031024895142961063,0.0,55.0,0.058594,1288.7978994704613,128879.78994704613,0
1747221810.0,0.000139,11.393400833333335,41.016243,8.0,-0.02652523407808571,0.0,54.0,0.058594,1433.9950664774378,143399.50664774378,0
1747221811.0,0.00014,11.096052499999999,39.945789,8.0,-0.04342415206095854,0.0,53.0,0.058594,1366.9231922494698,136692.319224947,0
1747221812.0,0.000141,11.43558611111111,41.16811,-8.0,0.01940076037105471,0.0,52.0,0.058594,0.0,0.0,2
1747221813.0,0.000142,11.163444444444444,40.1884,-8.0,-0.008754808890761235,0.0,51.0,0.058594,0.0,0.0,2
1747221814.0,0.000143,10.913938888888888,39.29018,-8.0,-0.04463750753854713,0.0,50.0,0.058594,0.0,0.0,2
1747221815.0,0.000144,11.299772222222222,40.67918,8.0,-0.035020122874946234,0.0,49.0,0.058594,1407.0769185723111,140707.6918572311,0
1747221816.0,0.000145,11.807014722222222,42.505253,8.0,-0.01722520609265159,0.0,48.0,0.058594,1503.6765434064437,150367.65434064437,0
1747221817.0,0.000146,11.961347777777776,43.060852,8.0,-0.033571485103241504,0.0,47.0,0.058594,1492.8188095495505,149281.88095495504,0
1747221818.0,0.000147,12.26024,44.136864,8.0,-0.056180388905631054,0.0,46.0,0.058594,1487.0391321603888,148703.91321603887,0
1747221819.0,0.000148,12.562218888888887,45.223988,8.0,-0.08047921752327007,0.0,45.0,0.058594,1476.3888329374477,147638.88329374476,0
1747221820.0,0.000149,12.614178055555554,45.411041,-8.0,-0.04001526665109219,0.0,44.0,0.058594,0.0,0.0,1
1747221821.0,0.00015,12.016907777777778,43.260868,-8.0,-0.03333592453215809,0.0,43.0,0.058594,0.0,0.0,2
1747221822.0,0.000151,11.638791944444444,41.899651,-8.0,-0.05245806091775848,0.0,42.0,0.058594,0.0,0.0,2
1747221823.0,0.000152,11.731905277777777,42.234859,-8.0,-0.05648676571878335,0.0,41.0,0.058594,0.0,0.0,2
1747221824.0,0.000153,11.89446972222222,42.820091,8.0,-0.04506510077050005,0.0,40.0,0.058594,1462.9892266187892,146298.92266187893,0
1747221825.0,0.000154,11.986040555555556,43.149746,8.0,-0.0473670269241581,0.0,39.0,0.058594,1470.0251982255033,147002.51982255033,0
1747221826.0,0.000155,11.904243888888889,42.855278,8.0,-0.016871434852741694,0.0,38.0,0.058594,1516.8161099392257,151681.61099392257,0
1747221827.0,0.000156,12.185645555555556,43.868324,8.0,-0.04873005273468692,0.0,37.0,0.058594,1492.1124404723555,149211.24404723555,0
1747221828.0,0.000157,12.965028611111112,46.674103,8.0,0.0,0.0,36.0,0.058594,1687.5088088002367,168750.88088002367,0
1747221829.0,0.000158,12.95885611111111,46.651882,8.0,-0.023645565344691297,0.0,35.0,0.058594,1638.6102950133356,163861.02950133357,0
1747221830.0,0.000159,13.145598333333332,47.324154,8.0,-0.028276378767466005,0.0,34.0,0.058594,1652.900115256507,165290.01152565068,0
1747221831.0,0.00016,13.317937777777777,47.944576,8.0,-0.022657180143262144,0.0,33.0,0.058594,1686.5203221001352,168652.0322100135,0
1747221832.0,0.000161,13.299932499999999,47.879757,8.0,-0.04167032595259841,0.0,32.0,0.058594,1644.5774005002854,164457.74005002854,0
1747221833.0,0.000162,13.292729999999999,47.853828,-8.0,-0.04548188500954185,0.0,31.0,0.058594,0.0,0.0,1
1747221834.0,0.000163,13.270094166666667,47.772339,8.0,-0.013571239043182196,0.0,30.0,0.058594,1699.3212850208874,169932.12850208874,0
1747221835.0,0.000164,13.338001111111112,48.016804,8.0,-0.02177866298708267,0.0,29.0,0.058594,1690.9242901096295,169092.42901096295,0
1747221836.0,0.000165,13.447063333333332,48.409428,-8.0,-0.007763185030810068,0.0,28.0,0.058594,0.0,0.0,1
1747221837.0,0.000166,12.777770277777776,45.999973,-8.0,-0.07080815400367918,0.0,27.0,0.058594,0.0,0.0,1
1747221838.0,0.000167,11.657825,41.96817,-8.0,-0.03903871075591402,0.0,26.0,0.058594,0.0,0.0,2
1747221839.0,0.000168,11.79312388888889,42.455246,-8.0,-0.04235115566059695,0.0,25.0,0.058594,0.0,0.0,2
1747221840.0,0.000169,12.056520277777777,43.403473,8.0,-0.034861727056291515,0.0,24.0,0.058594,1502.3550358817445,150235.50358817444,0
1747221841.0,0.00017,12.378562222222222,44.562824,8.0,-0.033399256047681986,0.0,23.0,0.058594,1545.6632421243075,154566.32421243074,0
1747221842.0,0.000171,12.731470555555555,45.833294,8.0,-0.03853030678398313,0.0,22.0,0.058594,1579.8874824887453,157988.74824887453,0
1747221843.0,0.000172,13.050940833333334,46.983387,8.0,-0.05727703431506351,0.0,21.0,0.058594,1581.621070694647,158162.1070694647,0
1747221844.0,0.000173,13.189326388888889,47.481575,-8.0,-0.014079522626450049,0.0,20.0,0.058594,0.0,0.0,1
1747221845.0,0.000174,12.677968333333334,45.640686,-8.0,-0.0723217800546884,0.0,19.0,0.058594,0.0,0.0,1
1747221846.0,0.000175,12.71963861111111,45.790699,-8.0,-0.046436915594489404,0.0,18.0,0.058594,0.0,0.0,1
1747221847.0,0.000176,12.867799444444444,46.324078,8.0,-0.06420683700816436,0.0,17.0,0.058594,1545.2848874854537,154528.48874854538,0
1747221848.0,0.000177,12.992809166666666,46.774113,8.0,-0.08286186812932268,0.0,16.0,0.058594,1522.680556956622,152268.0556956622,0
1747221849.0,0.000178,13.028305833333334,46.901901,8.0,-0.05203430142506368,0.0,15.0,0.058594,1589.5299511047979,158952.9951104798,0
1747221850.0,0.000179,13.12502111111111,47.250076,8.0,-0.06345492110974149,0.0,14.0,0.058594,1578.022484583011,157802.2484583011,0
1747221851.0,0.00018,13.272665833333333,47.781597,8.0,-0.05635020638813137,0.0,13.0,0.058594,1610.6855690545162,161068.5569054516,0
1747221852.0,0.000181,13.325654166666666,47.972355,8.0,-0.016464548148359664,0.0,12.0,0.058594,1700.4546032086594,170045.46032086594,0
1747221853.0,0.000182,13.458896111111109,48.452026,8.0,-0.06733911926974573,0.0,11.0,0.058594,1610.4244656533463,161042.44656533463,0
1747221854.0,0.000183,13.400249444444444,48.240898,-8.0,-0.09726771974394134,0.0,10.0,0.058594,0.0,0.0,1
1747221855.0,0.000184,13.2767825,47.796417,-8.0,-0.05196330707684316,0.0,9.0,0.058594,0.0,0.0,1
1747221856.0,0.000185,13.271638055555556,47.777897,-8.0,-0.06705331842769717,0.0,8.0,0.058594,0.0,0.0,1
1747221857.0,0.000186,13.201673333333332,47.526024,-8.0,-0.04759143450443817,0.0,7.0,0.058594,0.0,0.0,1
1747221858.0,0.000187,12.814297222222223,46.13147,-8.0,-0.007697014979786814,0.0,6.0,0.058594,0.0,0.0,1
1747221859.0,0.000188,11.84714111111111,42.649708,-8.0,0.0,0.0,5.0,0.058594,0.0,0.0,2
1747221860.0,0.000189,10.822368333333333,38.960526,-8.0,-0.026265096622435348,0.0,4.0,0.058594,0.0,0.0,2
1747221861.0,0.00019,9.862929444444445,35.506546,-8.0,-0.036794111096862335,0.0,3.0,0.058594,0.0,0.0,2
1747221862.0,0.000191,9.125215833333334,32.850777,-8.0,0.054089757478299375,0.0,2.0,0.058594,0.0,0.0,2
1747221863.0,0.000192,8.93692861111111,32.172943,-8.0,0.0,0.0,1.0,0.058594,0.0,0.0,2
1747221864.0,0.000193,9.281606666666667,33.413784,8.0,-0.11095055754613702,0.0,0.0,0.058594,1044.6750596899021,104467.50596899021,0
1747221865.0,0.000194,9.625769722222222,34.652771,8.0,-0.06367011109434347,0.0,1.0,0.058594,1154.2990207761923,115429.90207761922,0
1747221866.0,0.000195,9.935979722222221,35.769527,8.0,-0.07330131959952968,0.0,2.0,0.058594,1176.7845414713713,117678.45414713713,0
1747221867.0,0.000196,10.121694166666666,36.438099,8.0,-0.08356459455084175,0.0,3.0,0.058594,1182.7436061349197,118274.36061349195,0
1747221868.0,0.000197,10.160277777777777,36.577,8.0,-0.07740644868278349,0.0,4.0,0.058594,1197.0139183580177,119701.39183580177,0
1747221869.0,0.000198,10.288375277777778,37.038151,8.0,-0.06266740808705816,0.0,5.0,0.058594,1235.8433035148003,123584.33035148002,0
1747221870.0,0.000199,10.70558861111111,38.540119,8.0,-0.0712636998823349,0.0,6.0,0.058594,1271.9300114495923,127193.00114495923,0
1747221871.0,0.0002,10.950979722222222,39.423527,8.0,-0.054414384027747134,0.0,5.0,0.058594,1330.096904736219,133009.6904736219,0
1747221872.0,0.000201,10.554857222222223,37.997486,8.0,0.0,0.0,4.0,0.058594,1371.7082678110155,137170.82678110155,0
1747221873.0,0.000202,11.279709166666665,40.606953,8.0,-0.026767988458465255,0.0,3.0,0.058594,1419.1543041933876,141915.43041933875,0
1747221874.0,0.000203,11.543618333333333,41.557026,8.0,-0.05077150655367585,0.0,2.0,0.058594,1409.194086697128,140919.40866971278,0
1747221875.0,0.000204,10.99162,39.569832,-8.0,-0.03726397238095466,0.0,1.0,0.058594,0.0,0.0,2
1747221876.0,0.000205,10.532221388888887,37.915997,-8.0,-0.04928003287684744,0.0,0.0,0.058594,0.0,0.0,2
1747221877.0,0.000206,10.093400833333334,36.336243,-8.0,-0.061164299715421616,0.0,1.0,0.058594,0.0,0.0,2
1747221878.0,0.000207,9.510020277777777,34.236073,-8.0,-0.04533139447292088,0.0,2.0,0.058594,0.0,0.0,2
1747221879.0,0.000208,9.266688055555555,33.360077,-8.0,-0.04890431357491554,0.0,3.0,0.058594,0.0,0.0,2
1747221880.0,0.000209,9.421021111111111,33.915676,-8.0,-0.04484517998860927,0.0,4.0,0.058594,0.0,0.0,2
1747221881.0,0.00021,9.370091666666665,33.73233,-8.0,-0.029559438149508222,0.0,5.0,0.058594,0.0,0.0,2
1747221882.0,0.000211,8.875710277777777,31.952557,-8.0,-0.04427835717916135,0.0,6.0,0.058594,0.0,0.0,2
1747221883.0,0.000212,8.07780638888889,29.080103,-8.0,-0.04325739296970327,0.0,7.0,0.058594,0.0,0.0,2
1747221884.0,0.000213,7.350382222222223,26.461376,-8.0,-0.1163931096246774,0.0,8.0,0.058594,0.0,0.0,2
1747221885.0,0.000214,6.2577019444444435,22.527727,-8.0,-0.04724901391516423,0.0,9.0,0.058594,0.0,0.0,2
1747221886.0,0.000215,5.172224444444444,18.620008,-8.0,-0.0359073523334713,0.0,10.0,0.058594,0.0,0.0,2
1747221887.0,0.000216,4.553862222222222,16.393904,-8.0,-0.0732796175936423,0.0,11.0,0.058594,0.0,0.0,2
1747221888.0,0.000217,4.4730944444444445,16.10314,-8.0,-0.06411413844049603,0.0,12.0,0.058594,0.0,0.0,2
1747221889.0,0.000218,4.8378355555555554,17.416208,8.0,-0.1415473929090361,0.0,13.0,0.058594,520.7354620810906,52073.54620810906,0
1747221890.0,0.000219,5.316783611111111,19.140421,8.0,-0.021378325292929986,0.0,14.0,0.058594,671.5815659925366,67158.15659925366,0
1747221891.0,0.00022,5.5673175,20.042343,8.0,-0.04641093468559867,0.0,15.0,0.058594,681.4378575288614,68143.78575288614,0
1747221892.0,0.000221,5.650143055555556,20.340515,-8.0,-0.01572748793336606,0.0,16.0,0.058594,0.0,0.0,2
1747221893.0,0.000222,5.303407777777778,19.092268,-8.0,-0.08551329902422158,0.0,17.0,0.058594,0.0,0.0,2
1747221894.0,0.000223,4.499845555555555,16.199444,-8.0,-0.07077369524022567,0.0,18.0,0.058594,0.0,0.0,2
1747221895.0,0.000224,3.1972722222222223,11.51018,-8.0,-0.07906882766343845,0.0,19.0,0.058594,0.0,0.0,2
1747221896.0,0.000225,1.6950944444444445,6.10234,-8.0,-0.07774101418425716,0.0,20.0,0.058594,0.0,0.0,2
1747221897.0,0.000226,0.6502577777777777,2.340928,-8.0,-0.33373178642712664,0.0,21.0,0.058594,0.0,0.0,2
1747221898.0,0.000227,0.03498222222222222,0.125936,-8.0,0.0,0.0,22.0,0.058594,0.0,0.0,2
1747221899.0,0.000228,0.09517222222222221,0.34262,-8.0,0.0,0.0,23.0,0.058594,0.0,0.0,2
1747221900.0,0.000229,0.12243777777777777,0.440776,8.0,0.0,0.0,24.0,0.058594,15.864220322110269,1586.4220322110268,0
1747221901.0,0.00023,0.08796999999999999,0.316692,-8.0,-0.22447240563305698,0.0,25.0,0.058594,0.0,0.0,2
1747221902.0,0.000231,0.07562333333333333,0.272244,-8.0,0.0,0.0,26.0,0.058594,0.0,0.0,2
1747221903.0,0.000232,0.058646666666666666,0.211128,-8.0,0.0,0.0,27.0,0.058594,0.0,0.0,2
1747221904.0,0.000233,0.03961222222222222,0.142604,-8.0,0.0,0.0,28.0,0.058594,0.0,0.0,2
1747221905.0,0.000234,0.037554444444444446,0.135196,-8.0,0.0,0.0,29.0,0.058594,0.0,0.0,2
1747221906.0,0.000235,0.043727777777777775,0.15742,8.0,0.0,0.0,30.0,0.058594,12.9569635035,1295.69635035,0
1747221907.0,0.000236,0.058646666666666666,0.211128,8.0,0.0,0.0,31.0,0.058594,12.9569635035,1295.69635035,0
1747221908.0,0.000237,0.06996444444444444,0.251872,-8.0,0.0,0.0,32.0,0.058594,0.0,0.0,2
1747221909.0,0.000238,0.02675111111111111,0.096304,8.0,0.0,0.0,33.0,0.058594,12.9569635035,1295.69635035,0
1747221910.0,0.000239,0.31947,1.150092,8.0,-0.11124392880904156,0.0,34.0,0.058594,35.846622043057394,3584.662204305739,0
1747221911.0,0.00024,1.2773655555555556,4.598516,8.0,-0.25653989202044963,0.0,35.0,0.058594,115.63044576820955,11563.044576820956,0
1747221912.0,0.000241,2.1107655555555556,7.598756,8.0,0.0,0.0,36.0,0.058594,273.52399620061993,27352.399620061995,0
1747221913.0,0.000242,3.1772088888888885,11.437952,8.0,-0.038776860591609515,0.0,37.0,0.058594,392.4550140298049,39245.50140298049,0
1747221914.0,0.000243,3.821807777777778,13.758508,8.0,-0.050008150744556994,0.0,38.0,0.058594,465.4171943651272,46541.71943651272,0
1747221915.0,0.000244,4.000319999999999,14.401152,8.0,-0.02638530894475206,0.0,39.0,0.058594,501.98064182743957,50198.064182743954,0
1747221916.0,0.000245,4.191178888888889,15.088244,8.0,-0.049623505776024736,0.0,40.0,0.058594,510.6946460466896,51069.46460466896,0
1747221917.0,0.000246,4.033244444444444,14.51968,-8.0,-0.07048441748528797,0.0,41.0,0.058594,0.0,0.0,2
1747221918.0,0.000247,3.6787922222222225,13.243652,-8.0,0.0,0.0,42.0,0.058594,0.0,0.0,2
1747221919.0,0.000248,1.3977455555555556,5.031884,-8.0,-0.10818683585267663,0.0,43.0,0.058594,0.0,0.0,2
1747221920.0,0.000249,0.1450733333333333,0.522264,-8.0,0.0,0.0,44.0,0.058594,0.0,0.0,2
1747221921.0,0.00025,0.019548888888888886,0.070376,-8.0,0.0,0.0,45.0,0.058594,0.0,0.0,2
1747221922.0,0.000251,0.029323333333333333,0.105564,-8.0,0.0,0.0,46.0,0.058594,0.0,0.0,2
1747221923.0,0.000252,0.021606666666666666,0.077784,8.0,0.0,0.0,47.0,0.058594,12.9569635035,1295.69635035,0
1747221924.0,0.000253,0.028808888888888887,0.103712,8.0,-0.11223619965685168,0.0,48.0,0.058594,11.205316786043667,1120.5316786043668,0
1747221925.0,0.000254,0.03189555555555555,0.114824,8.0,0.0,0.0,49.0,0.058594,12.9569635035,1295.69635035,0
1747221926.0,0.000255,0.023664444444444446,0.085192,-8.0,0.0,0.0,50.0,0.058594,0.0,0.0,2
1747221927.0,0.000256,0.024693333333333334,0.088896,-8.0,0.0,0.0,51.0,0.058594,0.0,0.0,2
1747221928.0,0.000257,0.02212111111111111,0.079636,-8.0,0.0,0.0,52.0,0.058594,0.0,0.0,2
1747221929.0,0.000258,0.002572222222222222,0.00926,8.0,0.0,0.0,53.0,0.058594,12.9569635035,1295.69635035,0
1747221930.0,0.000259,0.028294444444444445,0.10186,-8.0,0.0,0.0,54.0,0.058594,0.0,0.0,2
1747221931.0,0.00026,0.014404444444444444,0.051856,8.0,0.0,0.0,55.0,0.058594,12.9569635035,1295.69635035,0
1747221932.0,0.000261,0.003601111111111111,0.012964,-8.0,0.0,0.0,56.0,0.058594,0.0,0.0,2
1747221933.0,0.000262,0.011832222222222223,0.042596,-8.0,0.0,0.0,57.0,0.058594,0.0,0.0,2
1747221934.0,0.000263,0.008745555555555555,0.031484,8.0,0.0,0.0,58.0,0.058594,12.9569635035,1295.69635035,0
1747221935.0,0.000264,0.009774444444444443,0.035188,8.0,0.0,0.0,59.0,0.058594,12.9569635035,1295.69635035,0
1747221936.0,0.000265,0.014918888888888888,0.053708,8.0,0.0,0.0,60.0,0.058594,12.9569635035,1295.69635035,0
1747221937.0,0.000266,0.012346666666666667,0.044448,-8.0,0.0,0.0,61.0,0.058594,0.0,0.0,2
1747221938.0,0.000267,0.0015433333333333334,0.005556,8.0,0.0,0.0,62.0,0.058594,12.9569635035,1295.69635035,0
1747221939.0,0.000268,0.01852,0.066672,-8.0,0.0,0.0,63.0,0.058594,0.0,0.0,2
1747221940.0,0.000269,0.003601111111111111,0.012964,-8.0,0.0,0.0,64.0,0.058594,0.0,0.0,2
1747221941.0,0.00027,0.0010288888888888889,0.003704,-8.0,0.0,0.0,65.0,0.058594,0.0,0.0,2
1747221942.0,0.000271,0.002572222222222222,0.00926,8.0,0.0,0.0,65.0,0.058594,12.9569635035,1295.69635035,0
1747221943.0,0.000272,0.010288888888888887,0.03704,8.0,0.0,0.0,64.0,0.058594,12.9569635035,1295.69635035,0
1747221944.0,0.000273,0.007716666666666666,0.02778,8.0,0.0,0.0,63.0,0.058594,12.9569635035,1295.69635035,0
1747221945.0,0.000274,0.008745555555555555,0.031484,-8.0,0.0,0.0,62.0,0.058594,0.0,0.0,2
1747221946.0,0.000275,0.0056588888888888895,0.020372,-8.0,0.0,0.0,61.0,0.058594,0.0,0.0,2
1747221947.0,0.000276,0.006173333333333334,0.022224,8.0,0.0,0.0,60.0,0.058594,12.9569635035,1295.69635035,0
1747221948.0,0.000277,0.010803333333333333,0.038892,8.0,0.0,0.0,59.0,0.058594,12.9569635035,1295.69635035,0
1747221949.0,0.000278,0.006687777777777778,0.024076,-8.0,0.0,0.0,58.0,0.058594,0.0,0.0,2
1747221950.0,0.000279,0.00463,0.016668,8.0,0.0,0.0,57.0,0.058594,12.9569635035,1295.69635035,0
1747221951.0,0.00028,0.019548888888888886,0.070376,8.0,0.0,0.0,56.0,0.058594,12.9569635035,1295.69635035,0
1747221952.0,0.000281,0.012861111111111111,0.0463,0.0,0.0,0.0,55.0,0.058594,0.15696350350000002,15.696350350000001,2
1747221953.0,0.000282,0.00463,0.016668,-8.0,0.0,0.0,54.0,0.058594,0.0,0.0,2
1747221954.0,0.000283,0.008745555555555555,0.031484,-8.0,0.0,0.0,53.0,0.058594,0.0,0.0,2
1747221955.0,0.000284,0.0056588888888888895,0.020372,8.0,0.0,0.0,52.0,0.058594,12.9569635035,1295.69635035,0
1747221956.0,0.000285,0.0056588888888888895,0.020372,-8.0,0.0,0.0,51.0,0.058594,0.0,0.0,2
1747221957.0,0.000286,0.006687777777777778,0.024076,-8.0,0.0,0.0,50.0,0.058594,0.0,0.0,2
1747221958.0,0.000287,0.002572222222222222,0.00926,8.0,0.0,0.0,49.0,0.058594,12.9569635035,1295.69635035,0
1747221959.0,0.000288,0.006173333333333334,0.022224,8.0,0.0,0.0,48.0,0.058594,12.9569635035,1295.69635035,0
1747221960.0,0.000289,0.01749111111111111,0.062968,8.0,0.0,0.0,47.0,0.058594,12.9569635035,1295.69635035,0
1747221961.0,0.00029,0.0056588888888888895,0.020372,8.0,0.0,0.0,46.0,0.058594,12.9569635035,1295.69635035,0
1747221962.0,0.000291,0.012861111111111111,0.0463,-8.0,0.0,0.0,45.0,0.058594,0.0,0.0,2
1747221963.0,0.000292,0.015947777777777776,0.057412,8.0,0.0,0.0,44.0,0.058594,12.9569635035,1295.69635035,0
1747221964.0,0.000293,0.01389,0.050004,-8.0,0.0,0.0,43.0,0.058594,0.0,0.0,2
1747221965.0,0.000294,0.002572222222222222,0.00926,8.0,0.0,0.0,42.0,0.058594,12.9569635035,1295.69635035,0
1747221966.0,0.000295,0.022635555555555558,0.081488,8.0,0.0,0.0,41.0,0.058594,12.9569635035,1295.69635035,0
1747221967.0,0.000296,0.05195888888888889,0.187052,8.0,0.0,0.0,40.0,0.058594,12.9569635035,1295.69635035,0
1747221968.0,0.000297,0.020063333333333332,0.072228,-8.0,0.0,0.0,39.0,0.058594,0.0,0.0,2
1747221969.0,0.000298,0.00926,0.033336,-8.0,0.0,0.0,38.0,0.058594,0.0,0.0,2
1747221970.0,0.000299,0.011317777777777779,0.040744,8.0,0.0,0.0,37.0,0.058594,12.9569635035,1295.69635035,0
1747221971.0,0.0003,0.02212111111111111,0.079636,-8.0,0.0,0.0,36.0,0.058594,0.0,0.0,2
1747221972.0,0.000301,0.00463,0.016668,-8.0,0.0,0.0,35.0,0.058594,0.0,0.0,2
1747221973.0,0.000302,0.008231111111111111,0.029632,-8.0,0.0,0.0,34.0,0.058594,0.0,0.0,2
1747221974.0,0.000303,0.010288888888888887,0.03704,-8.0,0.0,0.0,33.0,0.058594,0.0,0.0,2
1747221975.0,0.000304,0.0015433333333333334,0.005556,8.0,0.0,0.0,32.0,0.058594,12.9569635035,1295.69635035,0
1747221976.0,0.000305,0.01389,0.050004,8.0,0.0,0.0,31.0,0.058594,12.9569635035,1295.69635035,0
1747221977.0,0.000306,0.011832222222222223,0.042596,8.0,0.0,0.0,30.0,0.058594,12.9569635035,1295.69635035,0
1747221978.0,0.000307,0.01389,0.050004,-8.0,0.0,0.0,29.0,0.058594,0.0,0.0,2
1747221979.0,0.000308,0.007716666666666666,0.02778,8.0,0.0,0.0,28.0,0.058594,12.9569635035,1295.69635035,0
1747221980.0,0.000309,0.01389,0.050004,8.0,0.0,0.0,27.0,0.058594,12.9569635035,1295.69635035,0
1747221981.0,0.00031,0.02417888888888889,0.087044,8.0,0.0,0.0,26.0,0.058594,12.9569635035,1295.69635035,0
1747221982.0,0.000311,0.020063333333333332,0.072228,-8.0,0.0,0.0,25.0,0.058594,0.0,0.0,2
1747221983.0,0.000312,0.010803333333333333,0.038892,-8.0,0.0,0.0,24.0,0.058594,0.0,0.0,2
1747221984.0,0.000313,0.022635555555555558,0.081488,8.0,0.0,0.0,23.0,0.058594,12.9569635035,1295.69635035,0
1747221985.0,0.000314,0.02212111111111111,0.079636,-8.0,0.0,0.0,22.0,0.058594,0.0,0.0,2
1747221986.0,0.000315,0.007202222222222222,0.025928,-8.0,0.0,0.0,21.0,0.058594,0.0,0.0,2
1747221987.0,0.000316,0.008231111111111111,0.029632,-8.0,0.0,0.0,20.0,0.058594,0.0,0.0,2
1747221988.0,0.000317,0.009774444444444443,0.035188,8.0,0.0,0.0,19.0,0.058594,12.9569635035,1295.69635035,0
1747221989.0,0.000318,0.01389,0.050004,8.0,-0.11223619956475536,0.0,18.0,0.058594,11.205316787463914,1120.5316787463914,0
1747221990.0,0.000319,0.02212111111111111,0.079636,8.0,0.0,0.0,17.0,0.058594,12.9569635035,1295.69635035,0
1747221991.0,0.00032,0.014918888888888888,0.053708,-8.0,0.0,0.0,16.0,0.058594,0.0,0.0,2
1747221992.0,0.000321,0.006687777777777778,0.024076,-8.0,0.0,0.0,15.0,0.058594,0.0,0.0,2
1747221993.0,0.000322,0.0056588888888888895,0.020372,-8.0,0.0,0.0,14.0,0.058594,0.0,0.0,2
1747221994.0,0.000323,0.007716666666666666,0.02778,-8.0,0.0,0.0,13.0,0.058594,0.0,0.0,2
1747221995.0,0.000324,0.0041155555555555555,0.014816,8.0,0.0,0.0,12.0,0.058594,12.9569635035,1295.69635035,0
1747221996.0,0.000325,0.006173333333333334,0.022224,-8.0,0.0,0.0,11.0,0.058594,0.0,0.0,2
1747221997.0,0.000326,0.0005144444444444444,0.001852,8.0,0.0,0.0,10.0,0.058594,12.9569635035,1295.69635035,0
1747221998.0,0.000327,0.010803333333333333,0.038892,8.0,0.0,0.0,9.0,0.058594,12.9569635035,1295.69635035,0
1747221999.0,0.000328,0.02315,0.08334,8.0,0.0,0.0,8.0,0.058594,12.9569635035,1295.69635035,0
1747222000.0,0.000329,0.014918888888888888,0.053708,-3.469446951953718e-12,0.0,0.0,7.0,0.058594,0.15696350349444887,15.696350349444888,2
1747222001.0,0.00033,0.010803333333333333,0.038892,-8.0,0.0,0.0,6.0,0.058594,0.0,0.0,2
1747222002.0,0.000331,0.006173333333333334,0.022224,-8.0,0.0,0.0,5.0,0.058594,0.0,0.0,2
1747222003.0,0.000332,0.006173333333333334,0.022224,8.0,0.0,0.0,4.0,0.058594,12.9569635035,1295.69635035,0
1747222004.0,0.000333,0.015433333333333332,0.05556,8.0,0.0,0.0,3.0,0.058594,12.9569635035,1295.69635035,0
1747222005.0,0.000334,0.01389,0.050004,8.0,0.0,0.0,2.0,0.058594,12.9569635035,1295.69635035,0
1747222006.0,0.000335,0.021606666666666666,0.077784,-8.0,0.0,0.0,1.0,0.058594,0.0,0.0,2
1747222007.0,0.000336,0.009774444444444443,0.035188,0.0,0.0,0.0,0.0,0.058594,0.15696350350000002,15.696350350000001,2
1747222008.0,0.000337,0.01389,0.050004,-8.0,0.0,0.0,1.0,0.058594,0.0,0.0,2
1747222009.0,0.000338,0.007202222222222222,0.025928,-8.0,0.0,0.0,2.0,0.058594,0.0,0.0,2
1747222010.0,0.000339,0.007716666666666666,0.02778,-8.0,0.0,0.0,3.0,0.058594,0.0,0.0,2
1747222011.0,0.00034,0.008745555555555555,0.031484,8.0,0.0,0.0,4.0,0.058594,12.9569635035,1295.69635035,0
1747222012.0,0.000341,0.01852,0.066672,8.0,0.0,0.0,5.0,0.058594,12.9569635035,1295.69635035,0
1747222013.0,0.000342,0.02417888888888889,0.087044,-8.0,0.0,0.0,6.0,0.058594,0.0,0.0,2
1747222014.0,0.000343,0.006173333333333334,0.022224,8.0,0.0,0.0,7.0,0.058594,12.9569635035,1295.69635035,0
1747222015.0,0.000344,0.02675111111111111,0.096304,-8.0,0.0,0.0,8.0,0.058594,0.0,0.0,2
1747222016.0,0.000345,0.014404444444444444,0.051856,8.0,0.0,0.0,8.0,0.058594,12.9569635035,1295.69635035,0
1747222017.0,0.000346,0.025722222222222223,0.0926,-8.0,0.0,0.0,7.0,0.058594,0.0,0.0,2
1747222018.0,0.000347,0.012346666666666667,0.044448,-8.0,0.0,0.0,6.0,0.058594,0.0,0.0,2
1747222019.0,0.000348,0.0010288888888888889,0.003704,8.0,0.0,0.0,5.0,0.058594,12.9569635035,1295.69635035,0
1747222020.0,0.000349,0.7017022222222222,2.526128,8.0,0.0,0.0,4.0,0.058594,90.92048674097136,9092.048674097136,0
1747222021.0,0.00035,2.1694122222222223,7.809884,8.0,0.0,0.0,3.0,0.058594,281.12564464509603,28112.5644645096,0
1747222022.0,0.000351,3.4977074999999997,12.591747,8.0,0.0,0.0,2.0,0.058594,453.3464792801073,45334.64792801073,0
1747222023.0,0.000352,4.4880136111111115,16.156849,8.0,-0.024216781389241375,0.0,1.0,0.058594,564.7705398088592,56477.053980885925,0
1747222024.0,0.000353,5.192802222222222,18.694088,8.0,0.020359001317421885,0.0,0.0,0.058594,689.90861072479,68990.861072479,0
1747222025.0,0.000354,5.569375833333333,20.049753,8.0,0.0,0.0,1.0,0.058594,722.227030720631,72222.7030720631,0
1747222026.0,0.000355,5.556513888888889,20.00345,8.0,-0.03761691490325748,0.0,2.0,0.058594,687.7657453355356,68776.57453355356,0
1747222027.0,0.000356,5.392921111111111,19.414516,-8.0,-0.01949509104472558,0.0,3.0,0.058594,0.0,0.0,2
1747222028.0,0.000357,5.415042222222222,19.494152,-8.0,-0.038375977977401915,0.0,4.0,0.058594,0.0,0.0,2
1747222029.0,0.000358,5.345078055555555,19.242281,8.0,-0.10292017965462016,0.0,5.0,0.058594,607.1579982826437,60715.79982826437,0
1747222030.0,0.000359,5.515873055555556,19.857143,8.0,-0.06175522647856467,0.0,6.0,0.058594,661.8967096097524,66189.67096097524,0
1747222031.0,0.00036,6.476340833333333,23.314827,8.0,0.06181844391535518,0.0,7.0,0.058594,902.7895584560944,90278.95584560944,0
1747222032.0,0.000361,7.308711944444444,26.311363,8.0,0.015481591895807719,0.0,8.0,0.058594,966.1112889209323,96611.12889209323,0
1747222033.0,0.000362,8.040766666666666,28.94676,8.0,0.044572180503813924,0.0,9.0,0.058594,1099.8455626092048,109984.55626092046,0
1747222034.0,0.000363,8.760989444444444,31.539562,8.0,0.012128480172546785,0.0,10.0,0.058594,1154.1897609243026,115418.97609243027,0
1747222035.0,0.000364,9.059366666666667,32.61372,8.0,0.04247795588206779,0.0,11.0,0.058594,1236.7580884198003,123675.80884198003,0
1747222036.0,0.000365,9.061424444444445,32.621128,8.0,0.024669999810197157,0.0,10.0,0.058594,1211.7645215472573,121176.45215472573,0
1747222037.0,0.000366,8.937957500000001,32.176647,-8.0,-0.020257141689057102,0.0,9.0,0.058594,0.0,0.0,2
1747222038.0,0.000367,8.458495277777779,30.450583,-8.0,-0.011662220633557131,0.0,8.0,0.058594,0.0,0.0,2
1747222039.0,0.000368,7.2639555555555555,26.15024,-8.0,-0.027445462903683163,0.0,7.0,0.058594,0.0,0.0,2
1747222040.0,0.000369,5.936688888888889,21.37208,-8.0,-0.0313380404321399,0.0,6.0,0.058594,0.0,0.0,2
1747222041.0,0.00037,4.6721844444444445,16.819864,-8.0,0.019413103447430635,0.0,5.0,0.058594,0.0,0.0,2
1747222042.0,0.000371,3.9637944444444444,14.26966,-8.0,0.0,0.0,4.0,0.058594,0.0,0.0,2
1747222043.0,0.000372,2.8747155555555555,10.348976,-8.0,-0.025579264288108014,0.0,3.0,0.058594,0.0,0.0,2
1747222044.0,0.000373,2.2486366666666666,8.095092,-8.0,-0.04023346318143881,0.0,2.0,0.058594,0.0,0.0,2
1747222045.0,0.000374,2.2661277777777777,8.15806,-8.0,-0.055621987742371315,0.0,1.0,0.058594,0.0,0.0,2
1747222046.0,0.000375,2.8253291666666667,10.171185,8.0,-0.03427356762938418,0.0,0.0,0.058594,350.96301980834977,35096.30198083498,0
1747222047.0,0.000376,2.943651111111111,10.597144,8.0,0.0,0.0,1.0,0.058594,381.49706070314306,38149.70607031431,0
1747222048.0,0.000377,3.266207777777778,11.758348,8.0,-0.029811182655271325,0.0,0.0,0.058594,408.0447029246404,40804.47029246404,0
1747222049.0,0.000378,3.4719855555555554,12.499148,8.0,0.0,0.0,1.0,0.058594,450.0104140338847,45001.041403388466,0
1747222050.0,0.000379,3.5316611111111107,12.71398,8.0,0.02889529691280821,0.0,2.0,0.058594,473.7587644939265,47375.87644939265,0
1747222051.0,0.00038,3.7436122222222226,13.477004,8.0,0.026408512281455538,0.0,3.0,0.058594,500.75226688682744,50075.22668868274,0
1747222052.0,0.000381,3.957621111111111,14.247436,8.0,0.0,0.0,4.0,0.058594,513.0045567847601,51300.455678476006,0
1747222053.0,0.000382,3.986944444444444,14.353,8.0,-0.026385531144150532,0.0,5.0,0.058594,500.3005773830835,50030.05773830835,0
1747222054.0,0.000383,4.3264775,15.575319,8.0,-0.10263572735380229,0.0,6.0,0.058594,491.49415972736637,49149.415972736635,0
1747222055.0,0.000384,5.0209777777777775,18.07552,8.0,-0.021107146271740863,0.0,7.0,0.058594,634.3771170372089,63437.71170372089,0
1747222056.0,0.000385,5.82454,20.968344,8.0,-0.07432886740987989,0.0,8.0,0.058594,687.5844722441981,68758.44722441981,0
1747222057.0,0.000386,6.8410825,24.627897,8.0,-0.056277339977962366,0.0,9.0,0.058594,827.167251920025,82716.7251920025,0
1747222058.0,0.000387,7.814925555555555,28.133732,8.0,-0.026898689411703185,0.0,10.0,0.058594,981.2616699769245,98126.16699769245,0
1747222059.0,0.000388,8.746584722222222,31.487705,8.0,-0.036243895335331684,0.0,9.0,0.058594,1085.9015121117852,108590.15121117851,0
1747222060.0,0.000389,8.931270277777777,32.152573,8.0,-0.15058407736198468,0.0,8.0,0.058594,950.8176163872931,95081.76163872931,0
1747222061.0,0.00039,10.195260555555556,36.702938,8.0,-0.09125506265029744,0.0,7.0,0.058594,1179.215899921713,117921.58999217128,0
1747222062.0,0.000391,11.11868861111111,40.027279,8.0,0.0,0.0,6.0,0.058594,1445.459773572225,144545.9773572225,0
1747222063.0,0.000392,11.013226944444444,39.647617,8.0,-0.026707148234358817,0.0,5.0,0.058594,1385.5027640202456,138550.27640202455,0
1747222064.0,0.000393,11.018885555555556,39.667988,-8.0,-0.03653342153753955,0.0,4.0,0.058594,0.0,0.0,2
1747222065.0,0.000394,10.999851111111111,39.599464,-8.0,-0.0267637895162111,0.0,3.0,0.058594,0.0,0.0,2
1747222066.0,0.000395,11.003451944444443,39.612427,-8.0,-0.027421377026818468,0.0,2.0,0.058594,0.0,0.0,2
1747222067.0,0.000396,10.545082222222222,37.962296,-8.0,-0.009399342264550114,0.0,1.0,0.058594,0.0,0.0,2
1747222068.0,0.000397,10.142272222222223,36.51218,-8.0,-0.009568805112681026,0.0,0.0,0.058594,0.0,0.0,2
1747222069.0,0.000398,10.146388055555557,36.526997,-8.0,-0.009789300654275346,0.0,1.0,0.058594,0.0,0.0,2
1747222070.0,0.000399,9.601076944444443,34.563877,-8.0,-0.03036610619781463,0.0,2.0,0.058594,0.0,0.0,2
1747222071.0,0.0004,7.806179722222222,28.102247,-8.0,-0.12077086811295959,0.0,3.0,0.058594,0.0,0.0,2
1747222072.0,0.000401,7.911640833333333,28.481907,-8.0,-0.024867007083376955,0.0,4.0,0.058594,0.0,0.0,2
1747222073.0,0.000402,6.781406944444444,24.413065,-8.0,-0.027785103893291984,0.0,5.0,0.058594,0.0,0.0,2
1747222074.0,0.000403,5.7617775,20.742399,-8.0,0.0,0.0,6.0,0.058594,0.0,0.0,2
1747222075.0,0.000404,4.936608611111111,17.771791,-8.0,-0.01927818603054738,0.0,7.0,0.058594,0.0,0.0,2
1747222076.0,0.000405,5.360511111111111,19.29784,8.0,-0.01899741757583742,0.0,8.0,0.058594,679.1161489336938,67911.61489336938,0
1747222077.0,0.000406,6.817417777777778,24.542704,8.0,-0.029503268362366122,0.0,9.0,0.058594,852.8789476313505,85287.89476313505,0
1747222078.0,0.000407,8.562412777777778,30.824686,8.0,0.025247463965205053,0.0,10.0,0.058594,1145.5441274321252,114554.41274321251,0
1747222079.0,0.000408,10.069734722222222,36.251045,8.0,0.010092497397841075,0.0,11.0,0.058594,1324.2588417802094,132425.88417802093,0
1747222080.0,0.000409,10.722566111111112,38.601238,8.0,0.018997448583187915,0.0,12.0,0.058594,1425.6019195916504,142560.19195916504,0
1747222081.0,0.00041,11.316748611111112,40.740295,8.0,0.026436840971619434,0.0,13.0,0.058594,1518.320835371404,151832.0835371404,0
1747222082.0,0.000411,11.937682777777779,42.975658,8.0,0.0601067860325024,0.0,14.0,0.058594,1665.1087593880834,166510.87593880834,0
1747222083.0,0.000412,11.826563888888888,42.57563,8.0,0.02441843851160806,0.0,15.0,0.058594,1583.4673247343053,158346.73247343051,0
1747222084.0,0.000413,11.429926666666667,41.147736,-8.0,0.025826770085692858,0.0,16.0,0.058594,0.0,0.0,2
1747222085.0,0.000414,11.210773333333334,40.358784,-8.0,0.017610782858808325,0.0,17.0,0.058594,0.0,0.0,2
1747222086.0,0.000415,11.090908055555555,39.927269,-8.0,0.017710909965052736,0.0,18.0,0.058594,0.0,0.0,2
1747222087.0,0.000416,10.995220555555555,39.582794,-8.0,-0.009042213545499805,0.0,19.0,0.058594,0.0,0.0,2
1747222088.0,0.000417,10.807448611111111,38.906815,-8.0,-0.01812953096935452,0.0,20.0,0.058594,0.0,0.0,2
1747222089.0,0.000418,10.48540638888889,37.747463,-8.0,-0.009368612372382379,0.0,21.0,0.058594,0.0,0.0,2
1747222090.0,0.000419,10.46843,37.686348,-8.0,-0.009421245026213861,0.0,22.0,0.058594,0.0,0.0,2
1747222091.0,0.00042,10.4617425,37.662273,8.0,0.009528304628799538,0.0,23.0,0.058594,1375.1800956660218,137518.00956660218,0
1747222092.0,0.000421,10.513700833333333,37.849323,-8.0,-0.009451976970427345,0.0,24.0,0.058594,0.0,0.0,2
1747222093.0,0.000422,9.780617777777776,35.210224,-8.0,-0.009903425301227415,0.0,24.0,0.058594,0.0,0.0,2
1747222094.0,0.000423,8.914292777777778,32.091454,-8.0,0.010838605296352213,0.0,23.0,0.058594,0.0,0.0,2
1747222095.0,0.000424,9.096406388888887,32.747063,-8.0,0.0,0.0,22.0,0.058594,0.0,0.0,2
1747222096.0,0.000425,9.734831944444444,35.045395,8.0,-0.010228753671003944,0.0,21.0,0.058594,1248.9410964719607,124894.10964719606,0
1747222097.0,0.000426,10.63253722222222,38.277134,8.0,-0.028972806259069908,0.0,20.0,0.058594,1333.5259187253373,133352.59187253373,0
1747222098.0,0.000427,11.378482222222223,40.962536,8.0,-0.017659745182528296,0.0,19.0,0.058594,1447.9290610485868,144792.90610485867,0
1747222099.0,0.000428,11.600722222222222,41.7626,8.0,0.0,0.0,18.0,0.058594,1508.5705586777874,150857.05586777875,0
1747222100.0,0.000429,11.631074444444444,41.871868,-8.0,0.008530894635794022,0.0,17.0,0.058594,0.0,0.0,2
1747222101.0,0.00043,11.263246666666667,40.547688,-8.0,-0.008675624125212235,0.0,16.0,0.058594,0.0,0.0,2
1747222102.0,0.000431,10.935031111111112,39.366112,8.0,-0.009284676627729284,0.0,15.0,0.058594,1405.492703536679,140549.2703536679,0
1747222103.0,0.000432,11.890355277777777,42.805279,8.0,-0.008345085306579637,0.0,14.0,0.058594,1530.9435631909562,153094.35631909562,0
1747222104.0,0.000433,11.409348333333332,41.073654,-8.0,-0.06811371806015805,0.0,13.0,0.058594,0.0,0.0,2
1747222105.0,0.000434,8.086038055555555,29.109737,-8.0,0.06689699543491492,0.0,12.0,0.058594,0.0,0.0,2
1747222106.0,0.000435,4.8501825,17.460657,-8.0,0.06643880600284237,0.0,11.0,0.058594,0.0,0.0,2
1747222107.0,0.000436,1.5952922222222221,5.743052,-8.0,0.03422437012925435,0.0,10.0,0.058594,0.0,0.0,2
1747222108.0,0.000437,0.08076777777777779,0.290764,-8.0,0.0,0.0,9.0,0.058594,0.0,0.0,2
1747222109.0,0.000438,0.01852,0.066672,-8.0,0.3337320390205926,0.0,8.0,0.058594,0.0,0.0,2
1747222110.0,0.000439,0.016462222222222222,0.059264,-8.0,0.0,0.0,7.0,0.058594,0.0,0.0,2
1747222111.0,0.00044,0.014918888888888888,0.053708,-8.0,0.0,0.0,6.0,0.058594,0.0,0.0,2
1747222112.0,0.000441,0.008745555555555555,0.031484,-8.0,0.0,0.0,5.0,0.058594,0.0,0.0,2
1747222113.0,0.000442,0.010288888888888887,0.03704,-8.0,0.0,0.0,4.0,0.058594,0.0,0.0,2
1747222114.0,0.000443,0.007716666666666666,0.02778,-8.0,0.0,0.0,3.0,0.058594,0.0,0.0,2
1747222115.0,0.000444,0.00463,0.016668,-8.0,0.0,0.0,2.0,0.058594,0.0,0.0,2
1747222116.0,0.000445,0.00926,0.033336,8.0,0.0,0.0,1.0,0.058594,12.9569635035,1295.69635035,0
1747222117.0,0.000446,0.011317777777777779,0.040744,-8.0,0.0,0.0,0.0,0.058594,0.0,0.0,2
1747222118.0,0.000447,0.0010288888888888889,0.003704,-8.0,0.0,0.0,1.0,0.058594,0.0,0.0,2
1747222119.0,0.000448,0.008231111111111111,0.029632,8.0,0.0,0.0,2.0,0.058594,12.9569635035,1295.69635035,0
1747222120.0,0.000449,0.016462222222222222,0.059264,8.0,0.0,0.0,3.0,0.058594,12.9569635035,1295.69635035,0
1747222121.0,0.00045,0.014404444444444444,0.051856,8.0,0.0,0.0,4.0,0.058594,12.9569635035,1295.69635035,0
1747222122.0,0.000451,0.012861111111111111,0.0463,-8.0,0.0,0.0,5.0,0.058594,0.0,0.0,2
1747222123.0,0.000452,0.01389,0.050004,-8.0,-0.1282698989698785,0.0,6.0,0.058594,0.0,0.0,2
1747222124.0,0.000453,0.008745555555555555,0.031484,8.0,0.0,0.0,7.0,0.058594,12.9569635035,1295.69635035,0
1747222125.0,0.000454,0.013375555555555555,0.048152,-8.0,0.0,0.0,6.0,0.058594,0.0,0.0,2
1747222126.0,0.000455,0.0056588888888888895,0.020372,8.0,0.0,0.0,5.0,0.058594,12.9569635035,1295.69635035,0
1747222127.0,0.000456,0.01852,0.066672,-8.0,0.0,0.0,4.0,0.058594,0.0,0.0,2
1747222128.0,0.000457,0.008745555555555555,0.031484,8.0,0.0,0.0,3.0,0.058594,12.9569635035,1295.69635035,0
1747222129.0,0.000458,0.02315,0.08334,8.0,0.0,0.0,2.0,0.058594,12.9569635035,1295.69635035,0
1747222130.0,0.000459,0.02212111111111111,0.079636,8.0,0.1282698989698785,0.0,1.0,0.058594,14.952651151002303,1495.2651151002303,0
1747222131.0,0.00046,0.04115555555555555,0.14816,-8.0,0.0,0.0,0.0,0.058594,0.0,0.0,2
1747222132.0,0.000461,0.014404444444444444,0.051856,-8.0,0.0,0.0,1.0,0.058594,0.0,0.0,2
1747222133.0,0.000462,0.007202222222222222,0.025928,-8.0,0.0,0.0,2.0,0.058594,0.0,0.0,2
1747222134.0,0.000463,0.01749111111111111,0.062968,-8.0,-0.1282698989698785,0.0,3.0,0.058594,0.0,0.0,2
1747222135.0,0.000464,0.013375555555555555,0.048152,8.0,0.0,0.0,2.0,0.058594,12.9569635035,1295.69635035,0
1747222136.0,0.000465,0.037554444444444446,0.135196,8.0,0.0,0.0,1.0,0.058594,12.9569635035,1295.69635035,0
1747222137.0,0.000466,0.028808888888888887,0.103712,-8.0,0.0,0.0,0.0,0.058594,0.0,0.0,2
1747222138.0,0.000467,0.00926,0.033336,8.0,0.0,0.0,1.0,0.058594,12.9569635035,1295.69635035,0
1747222139.0,0.000468,0.17079555555555553,0.614864,-8.0,0.0,0.0,2.0,0.058594,0.0,0.0,2
1747222140.0,0.000469,0.025722222222222223,0.0926,8.0,0.0,0.0,3.0,0.058594,12.9569635035,1295.69635035,0
1747222141.0,0.00047,0.029323333333333333,0.105564,-8.0,0.0,0.0,2.0,0.058594,0.0,0.0,2
1747222142.0,0.000471,0.0056588888888888895,0.020372,-8.0,0.0,0.0,1.0,0.058594,0.0,0.0,2
1747222143.0,0.000472,0.007716666666666666,0.02778,-8.0,0.0,0.0,0.0,0.058594,0.0,0.0,2
1747222144.0,0.000473,0.0041155555555555555,0.014816,8.0,0.0,0.0,1.0,0.058594,12.9569635035,1295.69635035,0
1747222145.0,0.000474,0.010288888888888887,0.03704,-8.0,-0.11223616156705057,0.0,2.0,0.058594,0.0,0.0,2
1747222146.0,0.000475,0.0020577777777777777,0.007408,-8.0,0.0,0.0,3.0,0.058594,0.0,0.0,2
1747222147.0,0.000476,0.002572222222222222,0.00926,-8.0,0.0,0.0,4.0,0.058594,0.0,0.0,2
1747222148.0,0.000477,0.003601111111111111,0.012964,8.0,0.0,0.0,5.0,0.058594,12.9569635035,1295.69635035,0
1747222149.0,0.000478,0.008745555555555555,0.031484,8.0,0.0,0.0,6.0,0.058594,12.9569635035,1295.69635035,0
1747222150.0,0.000479,0.03241,0.116676,8.0,0.0,0.0,7.0,0.058594,12.9569635035,1295.69635035,0
1747222151.0,0.00048,0.007202222222222222,0.025928,-8.0,0.0,0.0,8.0,0.058594,0.0,0.0,2
1747222152.0,0.000481,0.007716666666666666,0.02778,8.0,0.0,0.0,9.0,0.058594,12.9569635035,1295.69635035,0
1747222153.0,0.000482,0.2999211111111111,1.079716,8.0,0.0,0.0,10.0,0.058594,38.86075291811729,3886.075291811729,0
1747222154.0,0.000483,2.0773266666666665,7.478376,8.0,0.0,0.0,10.0,0.058594,269.18979155020855,26918.979155020857,0
1747222155.0,0.000484,4.062567777777778,14.625244,8.0,0.028934116528894993,0.0,9.0,0.058594,545.0599547474036,54505.99547474036,0
1747222156.0,0.000485,5.315239722222222,19.134863,8.0,0.05879739581515258,0.0,8.0,0.058594,738.1741237382141,73817.41237382141,0
1747222157.0,0.000486,6.068386388888889,21.846191,8.0,0.017883427137851314,0.0,7.0,0.058594,804.090934801223,80409.0934801223,0
1747222158.0,0.000487,6.394544722222222,23.020361,8.0,0.03180341547307961,0.0,6.0,0.058594,861.3541719178434,86135.41719178433,0
1747222159.0,0.000488,6.780891944444445,24.411211,8.0,-0.041511514914501675,0.0,5.0,0.058594,835.5367676831708,83553.67676831708,0
1747222160.0,0.000489,7.6996899999999995,27.718884,8.0,-0.013806189003772187,0.0,4.0,0.058594,982.5600841479156,98256.00841479156,0
1747222161.0,0.00049,8.433801944444443,30.361687,8.0,0.03580313214485135,0.0,3.0,0.058594,1142.2223241829,114222.23241828999,0
1747222162.0,0.000491,9.75541,35.119476,8.0,0.06756280584875006,0.0,2.0,0.058594,1370.4398780645197,137043.98780645197,0
1747222163.0,0.000492,10.887702222222222,39.195728,8.0,0.05149862846829023,0.0,1.0,0.058594,1503.1056723397155,150310.56723397155,0
1747222164.0,0.000493,11.143380277777778,40.116169,8.0,0.04295603843641257,0.0,0.0,0.058594,1523.7387823060158,152373.87823060158,0
1747222165.0,0.000494,11.17579138888889,40.232849,8.0,0.04418416763004219,0.0,1.0,0.058594,1530.3462502177447,153034.62502177447,0
1747222166.0,0.000495,11.0307175,39.710583,-8.0,0.009183949844417777,0.0,2.0,0.058594,0.0,0.0,2
1747222167.0,0.000496,10.669577777777777,38.41048,-8.0,0.00949782708754802,0.0,3.0,0.058594,0.0,0.0,2
1747222168.0,0.000497,10.535308055555555,37.927109,8.0,0.0,0.0,4.0,0.058594,1369.1524419197008,136915.24419197007,0
1747222169.0,0.000498,11.110456388888888,39.997643,8.0,-0.00858318976375617,0.0,5.0,0.058594,1429.414147202183,142941.41472021828,0
1747222170.0,0.000499,12.539068888888888,45.140648,8.0,-0.016491230083035092,0.0,6.0,0.058594,1599.1340910441324,159913.40910441324,0
1747222171.0,0.0005,14.55363388888889,52.393082,8.0,-0.030605411750129645,0.0,7.0,0.058594,1826.6172529531116,182661.72529531116,0
1747222172.0,0.000501,17.450985277777775,62.823547,8.0,-0.01129393197392337,0.0,8.0,0.058594,2248.80136510935,224880.13651093503,1
1747222173.0,0.000502,19.622970277777775,70.642693,8.0,-0.021266260450480075,0.0,9.0,0.058594,2503.520301638874,250352.03016388742,1
1747222174.0,0.000503,22.040341666666666,79.34523,8.0,-0.01865612444107586,0.0,10.0,0.058594,2828.7343619054814,282873.4361905481,1
1747222175.0,0.000504,22.41897361111111,80.708305,8.0,-0.004580982267758957,0.0,11.0,0.058594,2928.1747754448984,292817.47754448984,1
1747222176.0,0.000505,22.290878333333335,80.247162,8.0,-0.004431010099564495,0.0,12.0,0.058594,2911.521525725339,291152.1525725339,1
1747222177.0,0.000506,22.151461666666666,79.745262,-8.0,0.0,0.0,13.0,0.058594,0.0,0.0,1
1747222178.0,0.000507,22.046517222222224,79.367462,-8.0,-0.004783931896703825,0.0,14.0,0.058594,0.0,0.0,1
1747222179.0,0.000508,21.98427,79.143372,-8.0,0.004342741776673291,0.0,15.0,0.058594,0.0,0.0,1
1747222180.0,0.000509,21.795467777777777,78.463684,-8.0,-0.01846570124107684,0.0,16.0,0.058594,0.0,0.0,1
1747222181.0,0.00051,21.628786666666667,77.863632,-8.0,-0.014340773693609598,0.0,16.0,0.058594,0.0,0.0,1
1747222182.0,0.000511,21.611809166666667,77.802513,8.0,0.0,0.0,15.0,0.058594,2835.598618145538,283559.8618145538,1
1747222183.0,0.000512,21.8556575,78.680367,8.0,0.0,0.0,14.0,0.058594,2868.4045929839626,286840.45929839625,1
1747222184.0,0.000513,21.924593055555555,78.928535,8.0,0.0,0.0,13.0,0.058594,2877.6837323865175,287768.3732386517,1
1747222185.0,0.000514,22.12574,79.652664,8.0,0.0,0.0,12.0,0.058594,2904.771862048434,290477.1862048434,1
1747222186.0,0.000515,22.534724444444443,81.125008,8.0,0.008822174761978139,0.0,11.0,0.058594,2991.1092247496254,299110.92247496254,1
1747222187.0,0.000516,22.640185833333334,81.504669,8.0,0.008689213388661748,0.0,10.0,0.058594,3005.0129672648145,300501.29672648147,1
1747222188.0,0.000517,22.676711666666666,81.636162,8.0,0.0,0.0,9.0,0.058594,2979.0671910310816,297906.71910310816,1
1747222189.0,0.000518,22.5563325,81.202797,-8.0,-0.0044367583922136945,0.0,8.0,0.058594,0.0,0.0,1
1747222190.0,0.000519,22.325859166666664,80.373093,-8.0,0.013061765070038448,0.0,7.0,0.058594,0.0,0.0,1
1747222191.0,0.00052,21.99455888888889,79.180412,-8.0,0.02314145861471321,0.0,6.0,0.058594,0.0,0.0,1
1747222192.0,0.000521,21.591233055555552,77.728439,-8.0,0.032208116715928096,0.0,5.0,0.058594,0.0,0.0,1
1747222193.0,0.000522,21.40654888888889,77.063576,-8.0,0.027540196665458472,0.0,4.0,0.058594,0.0,0.0,1
1747222194.0,0.000523,21.528985833333333,77.504349,8.0,0.01919496965590886,0.0,3.0,0.058594,2889.307469184431,288930.74691844307,1
1747222195.0,0.000524,21.64782416666667,77.932167,8.0,0.018291220201794092,0.0,2.0,0.058594,2902.5767730187877,290257.67730187875,1
1747222196.0,0.000525,21.73425027777778,78.243301,8.0,0.009520889095904452,0.0,1.0,0.058594,2884.544375052035,288454.4375052035,1
1747222197.0,0.000526,22.017192777777776,79.261894,8.0,0.004501595285269778,0.0,0.0,0.058594,2905.707847631645,290570.7847631645,1
1747222198.0,0.000527,21.984782777777777,79.145218,8.0,0.0,0.0,1.0,0.058594,2885.7874208786943,288578.74208786944,1
1747222199.0,0.000528,21.812960277777776,78.526657,-8.0,0.0,0.0,2.0,0.058594,0.0,0.0,1
1747222200.0,0.000529,21.781578055555553,78.413681,-8.0,-0.00456509330757095,0.0,3.0,0.058594,0.0,0.0,1
1747222201.0,0.00053,21.30108527777778,76.683907,-8.0,-0.013709454735126775,0.0,4.0,0.058594,0.0,0.0,1
1747222202.0,0.000531,20.615846944444446,74.217049,-8.0,-0.019885283759282557,0.0,5.0,0.058594,0.0,0.0,1
1747222203.0,0.000532,20.54639611111111,73.967026,-8.0,-0.014901925469881255,0.0,6.0,0.058594,0.0,0.0,1
1747222204.0,0.000533,20.35913888888889,73.2929,-8.0,-0.009008905485291768,0.0,7.0,0.058594,0.0,0.0,1
1747222205.0,0.000534,20.337532777777778,73.215118,-8.0,-0.015878427196641683,0.0,8.0,0.058594,0.0,0.0,1
1747222206.0,0.000535,20.233101388888887,72.839165,-8.0,-0.019727461902373036,0.0,9.0,0.058594,0.0,0.0,1
1747222207.0,0.000536,20.12660972222222,72.455795,-8.0,-0.009934619702117283,0.0,9.0,0.058594,0.0,0.0,1
1747222208.0,0.000537,19.857555,71.487198,-8.0,-0.004751176872184314,0.0,8.0,0.058594,0.0,0.0,1
1747222209.0,0.000538,19.78501861111111,71.226067,-8.0,-0.010359998778473743,0.0,7.0,0.058594,0.0,0.0,1
1747222210.0,0.000539,19.637372777777777,70.694542,-8.0,-0.010290892936663597,0.0,6.0,0.058594,0.0,0.0,1
1747222211.0,0.00054,19.57872611111111,70.483414,-8.0,-0.009889626834202223,0.0,5.0,0.058594,0.0,0.0,1
1747222212.0,0.000541,19.490241944444445,70.164871,-8.0,-0.015386042676670974,0.0,4.0,0.058594,0.0,0.0,1
1747222213.0,0.000542,19.48767138888889,70.155617,-8.0,-0.02630737258890986,0.0,3.0,0.058594,0.0,0.0,1
1747222214.0,0.000543,19.171286666666667,69.016632,-8.0,0.0,0.0,2.0,0.058594,0.0,0.0,1
1747222215.0,0.000544,19.030844444444444,68.51104,-8.0,0.020760436305282917,0.0,1.0,0.058594,0.0,0.0,1
1747222216.0,0.000545,19.04884972222222,68.575859,-8.0,0.005167596595206197,0.0,0.0,0.058594,0.0,0.0,1
1747222217.0,0.000546,19.030844444444444,68.51104,-8.0,0.0,0.0,1.0,0.058594,0.0,0.0,1
1747222218.0,0.000547,19.017467500000002,68.462883,-8.0,-0.011642261843065015,0.0,2.0,0.058594,0.0,0.0,1
1747222219.0,0.000548,18.984029444444445,68.342506,-8.0,0.010311491888525693,0.0,3.0,0.058594,0.0,0.0,1
1747222220.0,0.000549,18.94493111111111,68.201752,-8.0,0.0,0.0,3.0,0.058594,0.0,0.0,1
1747222221.0,0.00055,18.805516666666666,67.69986,-8.0,0.005153240442058704,0.0,2.0,0.058594,0.0,0.0,1
1747222222.0,0.000551,18.57092972222222,66.855347,-8.0,0.011044822995958827,0.0,1.0,0.058594,0.0,0.0,1
1747222223.0,0.000552,18.395504444444445,66.223816,-8.0,0.010296188198153656,0.0,0.0,0.058594,0.0,0.0,1
1747222224.0,0.000553,18.28386944444444,65.82193,8.0,0.005397741028331516,0.0,1.0,0.058594,2405.938065884252,240593.80658842518,1
1747222225.0,0.000554,20.28505972222222,73.026215,8.0,0.015856914649105314,0.0,2.0,0.058594,2708.0478486094216,270804.78486094216,1
1747222226.0,0.000555,23.177265555555557,83.438156,8.0,0.0044986215594483205,0.0,3.0,0.058594,3063.0543514237124,306305.4351423712,1
1747222227.0,0.000556,25.001485555555554,90.005348,8.0,0.016315995597926434,0.0,4.0,0.058594,3358.1984576873474,335819.84576873475,1
1747222228.0,0.000557,25.489692777777776,91.762894,8.0,0.0,0.0,5.0,0.058594,3360.7117289001385,336071.17289001384,1
1747222229.0,0.000558,25.400180833333334,91.440651,8.0,0.003758861424298252,0.0,5.0,0.058594,3363.4900632195277,336349.00632195274,1
1747222230.0,0.000559,25.135241666666666,90.48687,-8.0,0.004197629497268857,0.0,4.0,0.058594,0.0,0.0,1
1747222231.0,0.00056,24.819371944444445,89.349739,-8.0,0.0077270888702531985,0.0,3.0,0.058594,0.0,0.0,1
1747222232.0,0.000561,24.548259444444444,88.373734,-8.0,-0.008029794829099213,0.0,2.0,0.058594,0.0,0.0,1
1747222233.0,0.000562,24.239593055555556,87.262535,-8.0,-0.00815523001357125,0.0,1.0,0.058594,0.0,0.0,1
1747222234.0,0.000563,24.06828361111111,86.645821,-8.0,-0.016772956868465236,0.0,0.0,0.058594,0.0,0.0,1
1747222235.0,0.000564,23.786366666666666,85.63092,-8.0,-0.034191800457515416,0.0,1.0,0.058594,0.0,0.0,1
1747222236.0,0.000565,23.68707861111111,85.273483,-8.0,-0.004177885519770843,0.0,2.0,0.058594,0.0,0.0,1
1747222237.0,0.000566,23.397960555555557,84.232658,-8.0,0.008715036551578624,0.0,3.0,0.058594,0.0,0.0,1
1747222238.0,0.000567,23.161830833333333,83.382591,-8.0,0.02547397908338455,0.0,4.0,0.058594,0.0,0.0,1
1747222239.0,0.000568,22.85831027777778,82.289917,-8.0,0.008474131475682635,0.0,5.0,0.058594,0.0,0.0,1
1747222240.0,0.000569,22.488939444444444,80.960182,-8.0,-0.009013777310401833,0.0,6.0,0.058594,0.0,0.0,1
1747222241.0,0.00057,22.040341666666666,79.34523,-8.0,-0.009090746526338126,0.0,7.0,0.058594,0.0,0.0,1
1747222242.0,0.000571,21.149325833333332,76.137573,-8.0,0.0,0.0,8.0,0.058594,0.0,0.0,1
1747222243.0,0.000572,20.234129166666666,72.842865,-8.0,-0.03385745586293196,0.0,9.0,0.058594,0.0,0.0,1
1747222244.0,0.000573,19.884821666666667,71.585358,-8.0,-0.010197139762906949,0.0,9.0,0.058594,0.0,0.0,1
1747222245.0,0.000574,19.167171111111113,69.001816,-8.0,0.0,0.0,8.0,0.058594,0.0,0.0,1
1747222246.0,0.000575,18.878568055555554,67.962845,-8.0,-0.010475986563587194,0.0,7.0,0.058594,0.0,0.0,1
1747222247.0,0.000576,18.553954166666667,66.794235,-8.0,-0.01646730024456898,0.0,6.0,0.058594,0.0,0.0,1
1747222248.0,0.000577,18.638835555555556,67.099808,-8.0,-0.026879734686891497,0.0,5.0,0.058594,0.0,0.0,1
1747222249.0,0.000578,18.792654722222224,67.653557,8.0,-0.02609952562721049,0.0,4.0,0.058594,2381.23961141221,238123.96114122096,1
1747222250.0,0.000579,18.736065833333335,67.449837,-8.0,-0.005238966218198553,0.0,3.0,0.058594,0.0,0.0,1
1747222251.0,0.00058,18.61517388888889,67.014626,8.0,-0.017218038309139896,0.0,2.0,0.058594,2384.255185353624,238425.51853536238,1
1747222252.0,0.000581,18.813747777777774,67.729492,-8.0,-0.04187841793982674,0.0,1.0,0.058594,0.0,0.0,1
1747222253.0,0.000582,18.579163055555554,66.884987,8.0,0.0,0.0,0.0,0.058594,2429.763560727705,242976.35607277052,1
1747222254.0,0.000583,19.219644444444445,69.19072,-8.0,-0.010440546163942403,0.0,1.0,0.058594,0.0,0.0,1
1747222255.0,0.000584,18.147542777777776,65.331154,8.0,0.03815397764096996,0.0,2.0,0.058594,2480.888367146289,248088.83671462888,1
1747222256.0,0.000585,18.802430833333332,67.688751,-8.0,-0.03190206868789901,0.0,3.0,0.058594,0.0,0.0,1
1747222257.0,0.000586,18.53337611111111,66.720154,-8.0,-0.0218151707275184,0.0,2.0,0.058594,0.0,0.0,1
1747222258.0,0.000587,17.00907611111111,61.232674,-8.0,-0.04601273133406848,0.0,1.0,0.058594,0.0,0.0,1
1747222259.0,0.000588,14.697677777777777,52.91164,-8.0,-0.039308819076683224,0.0,0.0,0.058594,0.0,0.0,1
1747222260.0,0.000589,13.021103611111112,46.875973,-8.0,-0.036504460254691326,0.0,1.0,0.058594,0.0,0.0,1
1747222261.0,0.00059,11.73087638888889,42.231155,-8.0,-0.05770726996109978,0.0,2.0,0.058594,0.0,0.0,2
1747222262.0,0.000591,11.107369444444444,39.98653,-8.0,-0.009071902746461153,0.0,3.0,0.058594,0.0,0.0,2
1747222263.0,0.000592,10.145359166666667,36.523293,-8.0,-0.04808592535904844,0.0,4.0,0.058594,0.0,0.0,2
1747222264.0,0.000593,10.05636,36.202896,-8.0,-0.029901586659964084,0.0,5.0,0.058594,0.0,0.0,2
1747222265.0,0.000594,10.472031666666666,37.699314,8.0,0.01782294524609114,0.0,6.0,0.058594,1390.1685070679564,139016.85070679564,0
1747222271.0,0.0006,14.056679444444443,50.604046,8.0,-0.024453400830132355,0.0,4.0,0.058594,1777.106274811217,177710.6274811217,0
1747222272.0,0.000601,13.931669722222221,50.154011,8.0,0.018214267175393574,0.0,3.0,0.058594,1854.4135762093529,185441.35762093528,0
1747222273.0,0.000602,13.98208611111111,50.33551,-8.0,0.02968527713498053,0.0,2.0,0.058594,0.0,0.0,1
1747222274.0,0.000603,13.430601666666666,48.350166,-8.0,0.014642293666168454,0.0,1.0,0.058594,0.0,0.0,1
1747222275.0,0.000604,13.204245,47.535282,-8.0,0.05813962524104884,0.0,0.0,0.058594,0.0,0.0,1
1747222276.0,0.000605,12.603375,45.37215,8.0,-0.08950371277599592,0.0,1.0,0.058594,1463.5958630910902,146359.58630910903,0
1747222277.0,0.000606,14.184776944444444,51.065197,8.0,0.014219255708521233,0.0,2.0,0.058594,1879.568082149073,187956.8082149073,0
1747222278.0,0.000607,14.412675555555555,51.885632,8.0,0.0,0.0,3.0,0.058594,1877.9336517636332,187793.36517636332,0
1747222279.0,0.000608,14.307215,51.505974,-8.0,0.01947404223415056,0.0,4.0,0.058594,0.0,0.0,1
1747222280.0,0.000609,14.040218055555554,50.544785,-8.0,0.026367095446274188,0.0,5.0,0.058594,0.0,0.0,1
1747222281.0,0.00061,13.888456666666666,49.998444,-8.0,0.044575419834549886,0.0,6.0,0.058594,0.0,0.0,1
1747222282.0,0.000611,13.666216666666667,49.19838,-8.0,0.0,0.0,7.0,0.058594,0.0,0.0,1
1747222283.0,0.000612,13.609627499999998,48.994659,-8.0,0.0074976226711645656,0.0,8.0,0.058594,0.0,0.0,1
1747222284.0,0.000613,13.428028888888889,48.340904,-8.0,0.0,0.0,9.0,0.058594,0.0,0.0,1
1747222285.0,0.000614,13.434716388888887,48.364979,-8.0,-0.006886095478221157,0.0,10.0,0.058594,0.0,0.0,1
1747222286.0,0.000615,12.772625833333333,45.981453,8.0,0.0233326550945216,0.0,11.0,0.058594,1709.0032758797715,170900.32758797714,0
1747222287.0,0.000616,13.562298888888888,48.824276,-8.0,0.007667624050284648,0.0,12.0,0.058594,0.0,0.0,1
1747222288.0,0.000617,13.400763333333332,48.242748,8.0,0.007959049411157167,0.0,13.0,0.058594,1761.502510157608,176150.2510157608,0
1747222289.0,0.000618,12.870371111111112,46.333336,-8.0,0.015713927969893116,0.0,14.0,0.058594,0.0,0.0,1
1747222290.0,0.000619,13.074605833333333,47.068581,-8.0,0.03554823000395251,0.0,15.0,0.058594,0.0,0.0,1
1747222291.0,0.00062,13.152286666666667,47.348232,8.0,-0.015412359273377363,0.0,16.0,0.058594,1680.2917116898686,168029.17116898685,0
1747222292.0,0.000621,13.228938888888889,47.62418,-8.0,0.007876195952423181,0.0,17.0,0.058594,0.0,0.0,1
1747222293.0,0.000622,12.840018888888888,46.224068,-8.0,0.041579967724208924,0.0,18.0,0.058594,0.0,0.0,1
1747222294.0,0.000623,12.485051666666665,44.946186,-8.0,0.035807947850043084,0.0,17.0,0.058594,0.0,0.0,1
1747222295.0,0.000624,12.548843055555555,45.175835,-8.0,0.03402399422285855,0.0,16.0,0.058594,0.0,0.0,1
1747222296.0,0.000625,12.796805833333332,46.068501,8.0,-0.008003066858039908,0.0,15.0,0.058594,1649.343904379799,164934.3904379799,0
1747222297.0,0.000626,12.866255555555554,46.31852,8.0,-0.007676371310311328,0.0,14.0,0.058594,1659.0351702557673,165903.51702557673,0
1747222298.0,0.000627,12.620866666666666,45.43512,8.0,0.03948341309663645,0.0,13.0,0.058594,1720.4630267587415,172046.30267587415,0
1747222299.0,0.000628,12.7998925,46.079613,8.0,0.04622200366808354,0.0,12.0,0.058594,1758.566962548449,175856.6962548449,0
1747222300.0,0.000629,13.149715,47.338974,8.0,0.03935168810488612,0.0,11.0,0.058594,1792.9118027443224,179291.18027443223,0
1747222301.0,0.00063,13.546351388888889,48.766865,8.0,0.03531837169695978,0.0,10.0,0.058594,1838.9394755242163,183893.94755242163,0
1747222302.0,0.000631,13.48873361111111,48.559441,8.0,0.014761914530316476,0.0,9.0,0.058594,1787.5762697453674,178757.62697453675,0
1747222303.0,0.000632,13.297359722222222,47.870495,8.0,0.029779273064999754,0.0,8.0,0.058594,1793.2882633741203,179328.82633741203,0
1747222304.0,0.000633,13.677020555555554,49.237274,8.0,0.014715461701843327,0.0,7.0,0.058594,1812.6741641157555,181267.41641157554,0
1747222305.0,0.000634,14.18066138888889,51.050381,8.0,0.0,0.0,6.0,0.058594,1847.3732241545877,184737.32241545877,0
1747222306.0,0.000635,14.031471666666667,50.513298,-8.0,0.022590668287736065,0.0,5.0,0.058594,0.0,0.0,1
1747222307.0,0.000636,13.434716388888887,48.364979,-8.0,0.03641715378995238,0.0,4.0,0.058594,0.0,0.0,1
1747222308.0,0.000637,12.255610277777777,44.120197,-8.0,0.031217960990138807,0.0,3.0,0.058594,0.0,0.0,1
1747222309.0,0.000638,11.7524825,42.308937,-8.0,0.027644822303106276,0.0,2.0,0.058594,0.0,0.0,2
1747222310.0,0.000639,11.612554166666666,41.805195,-8.0,-0.008140060749464818,0.0,1.0,0.058594,0.0,0.0,2
1747222311.0,0.00064,11.611011388888889,41.799641,-8.0,-0.01620688918768719,0.0,0.0,0.058594,0.0,0.0,2
1747222312.0,0.000641,11.105311666666665,39.979122,-8.0,0.0,0.0,1.0,0.058594,0.0,0.0,2
1747222313.0,0.000642,10.696843333333334,38.508636,-8.0,0.0,0.0,2.0,0.058594,0.0,0.0,2
1747222314.0,0.000643,10.540452499999999,37.945629,-8.0,0.009820193658737725,0.0,3.0,0.058594,0.0,0.0,2
1747222315.0,0.000644,10.795616666666668,38.86422,8.0,-0.017436273821474422,0.0,4.0,0.058594,1373.648260582303,137364.8260582303,0
1747222316.0,0.000645,11.121260277777779,40.036537,8.0,-0.019592405450429673,0.0,5.0,0.058594,1411.5991724834073,141159.91724834073,0
1747222317.0,0.000646,11.767916111111111,42.364498,8.0,-0.00870160935687008,0.0,6.0,0.058594,1514.400954517381,151440.0954517381,0
1747222318.0,0.000647,12.954739444444444,46.637062,8.0,-0.02324609547482131,0.0,7.0,0.058594,1638.8967058866365,163889.67058866363,0
1747222319.0,0.000648,14.240336944444445,51.265213,8.0,-0.029040262472859586,0.0,8.0,0.058594,1790.3402274652565,179034.02274652565,0
1747222320.0,0.000649,15.32993,55.187748,8.0,-0.02694709683844712,0.0,8.0,0.058594,1934.0898123314532,193408.9812331453,0
1747222321.0,0.00065,16.082561388888887,57.897221,8.0,-0.03247517193404701,0.0,7.0,0.058594,2016.4368826412588,201643.68826412587,0
1747222322.0,0.000651,16.603179444444443,59.771446,8.0,-0.023898948653286504,0.0,6.0,0.058594,2105.03141754328,210503.14175432798,1
1747222323.0,0.000652,17.17215638888889,61.819763,8.0,-0.005543997472453144,0.0,5.0,0.058594,2227.7872224741795,222778.72224741793,1
1747222324.0,0.000653,17.366615,62.519814,8.0,0.0,0.0,4.0,0.058594,2268.5358483135064,226853.58483135063,1
1747222325.0,0.000654,17.888261944444444,64.397743,8.0,0.005655099996586347,0.0,3.0,0.058594,2353.7065576988875,235370.65576988875,1
1747222326.0,0.000655,18.1279925,65.260773,8.0,0.0,0.0,2.0,0.058594,2369.7081215989097,236970.81215989095,1
1747222327.0,0.000656,18.2730675,65.783043,8.0,0.005699560052541131,0.0,1.0,0.058594,2405.3569503927474,240535.69503927475,1
1747222328.0,0.000657,18.530288333333335,66.709038,8.0,0.020672094564901784,0.0,0.0,0.058594,2483.360050042394,248336.00500423939,1
1747222329.0,0.000658,19.094119722222224,68.738831,8.0,0.01638455920733015,0.0,1.0,0.058594,2547.500976416193,254750.0976416193,1
1747222330.0,0.000659,19.536026944444444,70.329697,8.0,0.030788632773483884,0.0,0.0,0.058594,2651.747711935295,265174.7711935295,1
1747222331.0,0.00066,19.735118055555557,71.046425,8.0,0.03529818799431183,0.0,1.0,0.058594,2693.2536052733967,269325.3605273397,1
1747222332.0,0.000661,20.029379444444444,72.105766,8.0,0.02946778845672063,0.0,2.0,0.058594,2715.937713571766,271593.7713571766,1
1747222333.0,0.000662,20.342161388888886,73.231781,8.0,0.030336693932814542,0.0,3.0,0.058594,2762.019957883055,276201.99578830553,1
1747222334.0,0.000663,20.26293861111111,72.946579,8.0,0.02421198224254388,0.0,4.0,0.058594,2731.582518349918,273158.2518349918,1
1747222335.0,0.000664,20.06075972222222,72.218735,-8.0,0.024301375385848457,0.0,4.0,0.058594,0.0,0.0,1
1747222336.0,0.000665,19.99954222222222,71.998352,-8.0,0.016314424871543422,0.0,3.0,0.058594,0.0,0.0,1
1747222337.0,0.000666,20.042241388888886,72.152069,-8.0,0.01489487486067828,0.0,2.0,0.058594,0.0,0.0,1
1747222338.0,0.000667,19.833378333333332,71.400162,-8.0,0.004975812158547799,0.0,1.0,0.058594,0.0,0.0,1
1747222339.0,0.000668,19.783475555555555,71.220512,-8.0,0.0050104669437533705,0.0,0.0,0.058594,0.0,0.0,1
1747222340.0,0.000669,19.841094444444447,71.42794,8.0,0.0,0.0,1.0,0.058594,2598.1678939419357,259816.7893941936,1
1747222341.0,0.00067,20.263966388888885,72.950279,8.0,0.0,0.0,2.0,0.058594,2654.7464984186995,265474.64984186995,1
1747222342.0,0.000671,20.653400555555557,74.352242,8.0,-0.010278181372095779,0.0,3.0,0.058594,2673.5992715015946,267359.92715015943,1
